0.117960945,1.6602091,9.726181
8.49E-04,0.001839149,-2.47E-04
-0.002347132,-0.001356363,-0.002377717
8.49E-04,7.74E-04,-2.47E-04
8.49E-04,-0.001356116,8.18E-04
-2.17E-04,0.001839799,-0.001313028
-2.17E-04,7.75E-04,-0.001313172
8.48E-04,0.003970574,-0.002378674
-0.002347417,0.00184017,0.005077979
-0.002347464,7.75E-04,8.17E-04
-0.00233274,-3.01E-04,0.002970945
8.63E-04,-3.01E-04,-2.25E-04
-0.001267501,0.001829233,8.40E-04
-0.00339804,-0.002431789,8.40E-04
-0.001267522,-3.01E-04,8.40E-04
-0.002332801,-3.01E-04,-2.25E-04
-0.00233281,7.64E-04,8.40E-04
8.63E-04,-3.01E-04,-2.25E-04
-0.001267574,7.64E-04,8.40E-04
-0.002332849,-0.001366335,8.40E-04
0.001928193,0.001829487,8.40E-04
-0.00126761,0.001829519,-0.00129065
8.63E-04,-3.01E-04,-0.0012907
-2.02E-04,0.002894846,-2.25E-04
-2.02E-04,-3.01E-04,-2.26E-04
-0.002332922,0.001829646,-2.26E-04
0.00192812,0.001829678,-0.001290896
0.001928108,-0.001366081,-2.26E-04
-0.001267695,-0.00456184,-2.26E-04
-0.001267708,0.001829773,8.39E-04
-2.02E-04,-0.002431249,8.39E-04
8.63E-04,-3.01E-04,8.39E-04
-0.002333005,-0.002431194,-0.002356442
0.001928038,-3.01E-04,8.39E-04
-2.03E-04,-0.001365866,8.39E-04
-0.001267777,-3.01E-04,-2.26E-04
0.001927998,0.003960522,-0.001291387
-0.001267802,7.65E-04,8.39E-04
8.63E-04,0.001830059,-2.26E-04
8.63E-04,-0.002430971,8.39E-04
-2.03E-04,-0.002430931,-0.001291584
8.63E-04,-0.002430908,8.39E-04
0.001927928,-3.00E-04,8.39E-04
8.63E-04,7.65E-04,-2.26E-04
-2.03E-04,-0.001365549,-0.001291768
8.63E-04,0.001830274,-0.001291817
-0.001267918,0.002895585,-0.003422418
8.63E-04,-3.00E-04,8.39E-04
-0.002333202,-0.001365414,0.001903814
-0.001267948,7.65E-04,0.001903778
-0.002333227,-0.003495877,-0.001292075
-0.0033985,7.65E-04,-2.27E-04
-0.001267987,7.65E-04,0.002968881
-2.03E-04,7.65E-04,-0.001292222
-2.03E-04,-0.003495758,-0.002357523
-2.03E-04,-0.001365199,-0.001292308
-0.001268033,-0.001365167,-2.27E-04
-2.03E-04,7.65E-04,-2.27E-04
-2.03E-04,-0.001365104,-0.001292456
-2.03E-04,-0.002430335,-2.27E-04
0.005123499,-3.00E-04,0.0029685
-2.03E-04,-3.00E-04,8.38E-04
8.62E-04,7.66E-04,8.38E-04
8.62E-04,-0.001364929,-2.27E-04
-0.002333394,-0.001364913,-0.00129275
-2.03E-04,0.001830909,-2.28E-04
-2.03E-04,7.66E-04,0.001902917
8.62E-04,0.002896237,-2.28E-04
-2.03E-04,0.001831005,-0.001292947
8.62E-04,7.66E-04,-0.001292996
-2.03E-04,-0.001364715,-2.28E-04
0.001927572,0.003961635,8.37E-04
-0.003398758,7.66E-04,-2.28E-04
0.001927551,7.66E-04,-0.001293193
-0.002124782,-0.0014647,-9.76E-05
-0.001059534,-0.00146466,-0.00222822
5.72E-06,-0.001464628,-9.77E-05
-0.002124819,0.001731186,-9.78E-05
-0.00105957,-0.002529829,-9.78E-05
5.68E-06,-0.001464541,-0.002228404
0.002136196,-0.002529765,-9.79E-05
5.66E-06,-3.99E-04,-0.001163251
5.64E-06,6.66E-04,0.00203249
0.001070896,-0.001464406,-0.00116335
5.62E-06,-0.001464374,-9.81E-05
0.001070875,-3.99E-04,9.67E-04
5.60E-06,-3.99E-04,0.002032294
-0.001059677,-0.002529551,-0.001163534
-0.001059692,6.66E-04,-9.83E-05
0.001070829,-0.002529495,-0.003294147
-0.00212498,6.66E-04,-9.84E-05
-0.002124989,-3.99E-04,9.67E-04
-0.001059741,-0.002529384,-9.85E-05
-0.001059753,-3.99E-04,-0.001163841
-0.003190292,6.66E-04,9.67E-04
-0.002125041,0.002797029,9.67E-04
0.002136001,-3.99E-04,-9.87E-05
5.47E-06,0.001731822,0.002031765
5.45E-06,-0.001463929,-0.00222935
-0.001059826,-0.001463898,9.66E-04
0.002135953,6.67E-04,9.66E-04
-0.00105985,-0.001463834,0.002031557
5.40E-06,-3.99E-04,-9.90E-05
-0.001059874,-0.005724825,-0.001164332
0.002135904,-3.98E-04,0.00203141
5.36E-06,-3.98E-04,0.002031348
-0.001059911,-3.98E-04,-0.002229743
5.34E-06,-3.98E-04,-9.93E-05
0.001070592,-3.98E-04,0.002031213
0.002135843,6.67E-04,-0.001164627
0.001072739,0.001726573,-0.001155911
7.48E-06,0.002791812,-0.001155872
0.001072758,-0.005730321,-0.001155834
0.001072767,-0.001469292,-0.00222106
7.51E-06,-0.00253458,-0.001155758
0.001072784,-4.04E-04,-0.004351519
0.001072796,0.001726425,-0.001155681
-0.00105772,0.001726394,9.75E-04
-0.002122976,-0.002534679,-9.03E-05
-0.002122967,0.001726351,9.75E-04
-0.001057694,-0.001469465,-0.001155528
0.001072843,6.61E-04,9.75E-04
-0.001057675,-4.04E-04,-0.003285979
0.001072862,0.001726251,-0.001155413
7.61E-06,-4.04E-04,9.75E-04
-0.001057646,0.003856729,-0.002220599
-0.001057637,0.001726177,9.75E-04
7.64E-06,-0.003600166,-0.00115526
0.00107291,0.001726128,0.002040569
-0.00531866,-0.004665485,0.002040617
0.001072928,-4.04E-04,-0.002220409
0.001072938,0.002791317,0.003105947
0.003203474,-0.001469762,0.002040722
-0.003188097,-4.05E-04,0.003106024
-0.002122824,-0.001469812,-0.001154991
0.001072976,6.61E-04,-8.97E-05
7.72E-06,-0.003600389,0.002040876
-0.002122796,6.61E-04,-8.96E-05
-0.001057523,-0.001469911,0.002040952
-0.002122777,0.001725855,-8.95E-05
-0.003188031,0.00172583,-0.001154762
0.00107303,-0.003600506,9.76E-04
-0.001057485,-0.00147001,-8.94E-05
0.002138315,-0.002535298,0.002041143
0.001073061,-4.05E-04,-8.93E-05
-0.001057456,-0.003600612,0.00204122
7.81E-06,0.001725694,-8.93E-05
-0.002122699,-4.05E-04,9.76E-04
0.002138363,-4.05E-04,0.002041335
0.001073109,-4.05E-04,-0.002219681
0.001073118,-0.001470208,-8.91E-05
0.002138391,0.001725558,-8.91E-05
-0.002122654,0.001725533,-0.001154303
-0.004253171,-4.05E-04,9.76E-04
0.001073156,-0.001470307,9.76E-04
7.90E-06,6.60E-04,0.002041594
0.001073175,0.001725434,-8.89E-05
7.92E-06,-0.001470382,-0.002219374
7.93E-06,6.60E-04,9.76E-04
0.003203731,-4.05E-04,0.002041756
0.001073213,-0.001470456,9.77E-04
7.96E-06,-4.05E-04,-0.003284485
0.001073232,-0.002535769,-0.001153919
-0.001057286,-0.002535794,0.003107173
-0.00212254,0.002790499,-8.86E-05
8.00E-06,-0.003601107,-0.003284332
0.00107327,0.001725186,-8.85E-05
-0.002122511,6.60E-04,-0.001153728
8.03E-06,-0.001470654,-8.84E-05
-0.002122492,6.60E-04,0.002042139
8.04E-06,6.60E-04,0.002042178
0.001073317,-4.05E-04,-0.002218838
-0.0010572,0.001725038,0.002042254
0.001073336,0.00385554,-0.001153498
0.001073346,0.003855515,9.77E-04
-0.003187699,0.002790227,9.77E-04
-0.002122426,0.001724939,9.77E-04
0.002138638,6.60E-04,-0.001153345
-0.001057143,6.60E-04,-0.001153307
8.13E-06,-4.06E-04,-0.001153268
8.14E-06,-0.002536215,-0.00115323
0.001073412,-0.002536239,9.77E-04
8.16E-06,6.60E-04,9.77E-04
-0.001057096,0.003855293,-0.001153115
8.18E-06,0.00172474,-8.78E-05
-0.001057077,-0.002536339,-0.002218302
-0.001057068,6.59E-04,0.00204279
0.001073469,6.59E-04,-8.77E-05
0.003204005,0.002789905,-8.77E-05
-0.001057039,-0.002536438,0.003108169
-0.001057027,-0.001471205,-0.001152838
8.24E-06,-0.001471218,-8.76E-05
8.25E-06,-4.06E-04,9.78E-04
-0.002122265,-4.06E-04,9.78E-04
0.001073535,0.001724493,-0.002217958
0.001073545,-0.002536586,-8.74E-05
0.001073554,6.59E-04,-8.74E-05
0.001073564,-4.06E-04,-8.73E-05
-0.002122215,6.59E-04,-0.001152532
8.32E-06,0.002789639,-8.72E-05
8.33E-06,-4.06E-04,-8.72E-05
0.002138865,-4.06E-04,0.002043365
0.002138875,0.001724295,-8.71E-05
0.001073621,-0.001471521,-0.00115235
0.003204157,0.001724245,-8.70E-05
0.002138903,0.00172422,-0.001152273
0.001073649,-0.001471595,-8.70E-05
-0.001056868,0.003854698,0.002043594
8.41E-06,6.59E-04,-8.69E-05
-0.001056852,0.004919918,-0.001152129
-0.00105684,-0.002536957,9.78E-04
-0.00105683,-0.002536983,-0.001152043
-0.001056821,-4.06E-04,-0.001152005
-0.004252602,6.59E-04,9.79E-04
0.001073728,0.003854518,-0.001151919
-0.002122053,0.001723966,9.79E-04
-0.001056783,-4.07E-04,-8.66E-05
0.002139017,-0.003602395,-0.001151814
-0.003187291,0.003854425,-0.002217039
0.00107377,0.00172388,-0.001151747
8.52E-06,6.59E-04,0.004174628
-0.001056733,0.001723818,-0.001151651
8.54E-06,-0.003602519,-0.001151622
-0.001056714,-0.002537286,9.79E-04
-0.002121971,-4.07E-04,-8.63E-05
8.56E-06,0.003854258,-0.001151517
-0.004212755,-3.78E-04,0.004236005
4.83E-05,-3.78E-04,-2.50E-05
-0.001016943,-3.79E-04,-0.001090227
0.001113589,-3.79E-04,-2.49E-05
4.83E-05,-3.79E-04,-2.49E-05
0.003244135,-3.79E-04,0.001040396
-0.001016907,6.87E-04,-0.002155347
0.001113632,-0.001443905,0.003171019
0.003244169,0.001751861,0.00104053
0.001113646,0.001751849,-0.002155242
4.84E-05,-3.79E-04,-0.00108993
0.001113667,6.87E-04,0.001040635
-0.00101685,0.001751768,-2.46E-05
0.003244216,6.86E-04,-0.001089806
4.84E-05,-3.79E-04,0.001040759
0.001113708,6.86E-04,0.003171325
0.002178981,-0.001444128,0.001040836
4.85E-05,-3.79E-04,-0.001089662
4.85E-05,-3.79E-04,-0.001089614
4.85E-05,-3.79E-04,-2.43E-05
0.001111617,0.002822411,0.001032358
-0.001017351,6.94E-04,-0.002164912
-0.001017355,6.94E-04,0.001030861
4.79E-05,6.94E-04,0.001030841
0.001113158,0.001759131,0.002096067
-0.001017373,-3.71E-04,-0.001099736
4.79E-05,0.00175916,-3.45E-05
-0.00208265,6.94E-04,0.003161262
4.79E-05,-0.001436599,-0.002165081
-0.001017399,6.94E-04,-0.001099842
4.79E-05,0.001759225,-0.001099867
0.002178379,-0.00143655,0.001030635
0.001113111,0.001759253,0.00209588
0.002178367,0.002824536,-3.47E-05
-0.00101743,0.001759289,0.00103056
-0.001017436,0.001759305,0.001030535
0.001113085,0.004955112,0.00103051
4.78E-05,0.002824597,0.002095755
-0.002082718,6.94E-04,-0.003230594
4.78E-05,-0.001436425,0.002095704
0.00111306,-0.001436405,0.00103041
-0.001017472,-3.71E-04,0.002095655
0.001113048,-0.003566899,0.00103036
-0.003148013,0.001759435,-0.002165456
4.78E-05,6.94E-04,-0.002165481
0.001113031,-0.001436328,-3.50E-05
0.001113023,-3.71E-04,0.00103026
0.001113015,-3.71E-04,-0.002165562
4.77E-05,-0.002501539,0.00103021
-0.001017521,0.001759528,-3.51E-05
-0.001017529,6.94E-04,-0.001100367
4.77E-05,6.94E-04,0.001030141
4.77E-05,-0.00143621,-0.001100417
-0.001017546,-3.71E-04,-0.001100436
0.001112973,-0.001436178,-3.52E-05
0.001112969,-3.71E-04,-0.001100486
0.001112961,-3.71E-04,0.002095273
4.77E-05,-0.004631916,0.002095242
4.77E-05,-3.71E-04,-0.003231095
4.77E-05,0.001759686,0.002095211
-0.002082854,6.94E-04,-0.001100618
0.001112928,-3.71E-04,0.002095142
-0.003148131,0.001759742,0.001029859
-0.003148138,-0.001436028,-3.54E-05
-0.002082881,-0.003566539,0.002095067
4.76E-05,-0.001436004,0.003160318
0.001112899,-0.002501247,0.00102976
0.001112893,0.002825086,-0.001100793
-0.00101764,0.001759839,0.00102971
-0.003148174,-0.001435935,-0.002166106
4.76E-05,0.001759872,-3.56E-05
4.76E-05,-0.001435903,-3.56E-05
4.76E-05,-0.001435887,0.00102961
0.001112857,-0.002501138,0.002094854
0.003243377,-0.001435855,-0.001100968
4.76E-05,-0.002501106,-0.001100987
0.0021781,0.003890496,-0.002166282
0.002178094,6.95E-04,0.002094748
4.76E-05,-0.002501053,-3.58E-05
-0.002082974,-0.001435769,-3.58E-05
4.75E-05,-3.70E-04,-3.59E-05
4.75E-05,-0.001435737,-0.001101149
-0.001017727,-3.70E-04,-0.001101168
-0.004213524,0.001760082,-0.00323172
-0.00101774,0.001760098,0.002094573
0.00111278,0.002825382,-0.001101249
-0.001017752,6.95E-04,-0.003231795
0.001112772,0.001760139,0.002094511
-0.001017764,6.95E-04,-0.001101318
0.001112758,-0.001435616,0.001029191
0.00111275,-3.70E-04,-3.61E-05
0.002178009,-0.001435583,-0.001101387
-0.001017789,-3.70E-04,0.002094373
4.75E-05,-0.002500815,0.002094354
4.75E-05,-3.70E-04,0.001029059
4.75E-05,6.95E-04,-0.001101487
0.001112713,0.001760292,-3.63E-05
0.003243234,0.002825572,-0.001101543
-0.001017826,0.007086642,-0.001101568
4.74E-05,6.95E-04,-3.63E-05
0.003243215,0.00282562,-0.001101618
0.001112682,0.001760373,0.001028884
-0.001017851,-0.002500665,-3.64E-05
-0.003148384,-0.002500649,-0.001101693
0.002177927,0.003890949,-0.002166981
0.002177921,0.003890964,-0.001101743
4.74E-05,-3.70E-04,-3.65E-05
-0.004213675,0.001760474,-3.65E-05
4.74E-05,0.001760486,-0.001101818
4.74E-05,0.001760503,0.002093948
-0.001017901,0.002825782,0.002093922
0.002177882,6.95E-04,0.001028628
-0.001017913,-3.70E-04,0.001028609
-0.001017916,-0.003565759,0.004224387
4.73E-05,6.95E-04,0.002093816
0.003243122,-3.70E-04,-0.001101993
4.73E-05,-3.70E-04,0.001028509
-0.001017943,-0.001435163,-3.68E-05
0.001112577,6.95E-04,-0.002167332
0.001112572,0.002825924,-3.68E-05
-0.001017963,-3.70E-04,-3.69E-05
0.001113715,6.92E-04,0.001033054
-0.001016805,0.001757659,0.001033081
0.001113727,-0.003568673,-0.003227952
-0.002082059,0.001757631,-0.002162668
0.003244265,0.004953408,0.001033145
4.85E-05,6.92E-04,-3.21E-05
-0.001016779,0.002822853,-0.00109734
4.85E-05,0.004953367,-0.001097319
-0.002082032,0.003888089,-3.20E-05
4.85E-05,0.003888076,-0.00216254
4.85E-05,0.001757535,-3.20E-05
0.003244301,6.92E-04,-0.003227761
0.00111378,0.001757508,0.001033315
-0.001016742,6.92E-04,0.001033336
0.002179054,-0.004634101,0.001033357
4.85E-05,0.001757466,0.004229169
0.002179064,-0.001438338,-3.19E-05
0.001113806,0.002822702,-3.18E-05
4.85E-05,0.001757425,0.001033443
-0.001016711,0.001757411,-3.18E-05
0.002179085,-3.73E-04,-3.18E-05
4.86E-05,0.002822647,-0.001097021
4.86E-05,6.92E-04,0.001033527
-0.002081953,-0.001438435,-0.002162242
0.00324437,-0.001438448,0.00103357
0.004309638,-0.001438462,-0.001096936
4.86E-05,-0.004634266,-3.17E-05
0.002179122,0.006018356,-0.003227421
0.001113864,0.001757287,-0.001096872
4.86E-05,6.92E-04,-3.16E-05
-0.001016653,6.92E-04,0.001033698
0.002179143,0.002822509,-0.002162072
4.86E-05,6.92E-04,-3.15E-05
0.001970639,-2.75E-05,0.002097724
-0.00229041,0.001037761,-0.002163308
9.05E-04,0.003168271,-0.004293809
-1.60E-04,-0.006419108,0.00422831
9.05E-04,-0.001092804,0.005293595
-0.003355651,-2.76E-05,0.001032573
-1.60E-04,-0.002158098,-0.001097938
-1.60E-04,0.002102946,0.002097868
-0.001225109,-2.76E-05,-0.001097895
-0.001225103,0.004233438,0.001032658
0.001970692,-0.002158153,0.001032674
9.05E-04,0.003168154,0.002097953
9.05E-04,0.002102873,-0.003228338
9.05E-04,-0.003223455,0.001032733
-0.003355605,0.003168109,-0.001097768
0.001970718,0.001037568,-3.25E-05
-0.001225067,0.001037554,-3.25E-05
-0.001225062,0.003168068,-3.24E-05
-0.001225057,-0.002158264,0.001032844
-1.60E-04,-0.003223538,0.00103286
-1.60E-04,0.0010375,-3.24E-05
-1.60E-04,-0.001093042,0.001032908
-1.60E-04,-0.002158319,0.002098193
-1.60E-04,-2.78E-05,-0.001097582
-1.60E-04,-0.00322361,0.001032972
0.001970771,-0.00535415,0.001032993
-0.001225015,-0.005354164,-3.22E-05
-0.001225009,-0.002158388,0.003163562
-1.60E-04,-0.001093138,-3.22E-05
9.06E-04,0.001037379,0.001033073
-1.60E-04,0.002102626,-0.001097428
-1.60E-04,-0.003223706,-3.21E-05
-1.60E-04,0.003167862,-3.21E-05
0.001970813,-2.79E-05,-3.21E-05
9.06E-04,-0.002158484,-0.001097343
-1.60E-04,-2.80E-05,-3.21E-05
0.004101356,0.003167807,0.003163754
9.06E-04,0.005298324,-3.20E-05
9.06E-04,0.002102516,-0.001097258
9.06E-04,0.005298292,0.001033291
0.003036114,-2.80E-05,-0.001097215
-0.001224934,-0.002158584,0.002098602
-1.60E-04,-0.001093334,0.00103336
-1.60E-04,-0.006419665,0.001033381
0.001970873,-0.001093361,0.001033402
9.06E-04,-0.004289166,-3.18E-05
0.001970882,-0.001093385,-0.002162351
0.001970888,0.004232915,-0.005358114
-0.001224899,0.002102378,-0.001097045
0.001970899,-0.002158694,-0.001097018
0.001970903,-0.005354494,0.002098788
-1.60E-04,0.00210234,0.001033541
-0.003355404,-0.003223995,-0.002162223
-0.002290137,-0.001093478,-0.001096944
0.001970924,0.002102295,-0.003227444
-1.60E-04,-2.82E-05,0.001033631
-1.60E-04,-0.00322405,0.004229443
-0.001224851,-2.83E-05,0.001033673
9.06E-04,-2.83E-05,0.0010337
-1.60E-04,0.005298014,0.002098985
9.06E-04,0.003167473,0.001033743
9.06E-04,0.009559043,-3.15E-05
-0.001224825,0.001036922,0.002099044
-1.60E-04,0.005297958,-3.15E-05
-1.60E-04,0.002102158,-0.001096705
9.06E-04,0.002102144,-3.14E-05
-1.62E-04,-3.09E-05,0.001034473
9.04E-04,0.003164907,-3.08E-05
9.04E-04,0.001034372,-0.001096032
0.004099416,0.004230154,-3.08E-05
0.001968892,0.005295409,0.003165048
0.001968896,0.004230137,0.002099797
0.006229952,0.005295393,0.004230336
0.00729522,0.013817492,0.010621931
-0.006553202,0.012752219,0.043645117
-0.009748992,0.001034314,0.061754607
0.001968911,0.014882731,0.071341984
0.007295232,0.010621669,0.060689367
9.04E-04,0.005295341,0.035123058
0.004099448,0.007425862,0.02020938
0.005164715,0.004230063,0.009556756
-0.002292127,0.004230055,-0.001095866
0.003034194,-3.10E-05,-0.001095854
0.00409946,-3.10E-05,0.002099947
9.04E-04,-0.001096288,0.002099963
0.003034204,0.010621601,0.017013669
0.005164733,0.007425807,0.025535783
9.04E-04,0.007425793,0.05855897
0.007295267,0.018078424,0.06708109
-1.62E-04,0.007425777,0.07560321
0.005164746,0.010621562,0.07347269
0.00516475,0.010621551,0.059624285
0.001968962,0.013817336,0.050036926
-0.001226827,0.006360485,0.042580087
0.004099495,0.010621528,0.030862207
9.04E-04,0.00742573,0.03086222
0.003034238,0.007425722,0.032992758
0.006230033,0.008490975,0.040449623
0.005164771,0.009556232,0.051102262
0.008360565,0.013817278,0.060689647
0.005164778,0.011686743,0.052167553
0.00196899,0.01062147,0.050037038
0.006230047,0.008490936,0.04897179
0.007295315,0.012751979,0.05642865
0.010491109,0.011686708,0.06814656
0.017947955,0.007425647,0.07134236
0.03392691,0.010621429,0.060689736
0.06055851,0.001034048,0.03831922
0.07547219,0.001034041,0.03192765
0.10423431,0.004229824,0.024470817
0.10743011,0.006360342,0.022340301
0.104234315,0.0074256,0.015948731
0.08186379,0.006360326,0.004230847
0.064819574,0.003164527,0.013818231
0.05523221,0.002099255,0.025536144
0.04244905,0.006360301,0.03192774
0.038188,0.005295029,0.029797222
0.036057476,0.008490811,0.02766671
0.038188007,0.00742554,0.027666721
0.04244906,0.008490797,0.022340413
0.0531017,0.014882368,0.03405833
0.053101704,0.021273948,0.032993067
0.074406974,0.010621295,0.04364573
0.08186382,-0.003227136,0.039384685
0.08505961,-0.017075572,0.031927858
0.08079857,0.001033901,0.03299313
0.081863835,0.001033891,0.045776308
0.080798574,0.002099148,0.054298427
0.073341735,0.010621245,0.06495107
0.062689096,0.010621239,0.066016346
0.044579625,0.012751756,0.07453847
0.031796467,0.017012803,0.07879954
0.031796467,0.017012803,0.07879954
0.019013308,0.010621204,0.057494298
0.03073121,0.009555935,0.054298516
0.0456449,0.008490663,0.04577642
0.06588491,0.009555916,0.05323328
0.072276495,0.00955591,0.054298554
0.07760282,0.013816954,0.07240804
0.07973334,0.014882212,0.08199543
0.07866809,0.018077992,0.087321766
0.077602826,0.014882193,0.078799665
0.0754723,0.014882186,0.070277564
0.066950195,0.004229541,0.04790705
0.05629757,0.005294798,0.030862845
0.049905986,0.002099003,0.02127548
0.033927042,0.002098989,0.01488392
0.022209143,0.005294773,0.020210247
0.011556511,0.005294763,0.03405869
0.01688283,0.007425286,0.03831975
0.011556517,0.009555801,0.06282083
0.015817573,0.012751585,0.081995584
0.03392706,0.021273684,0.099039815
0.044579696,0.021273678,0.10223561
0.072276555,0.020208403,0.08306088
0.08932077,0.01807787,0.068147205
0.11275657,0.008490487,0.046841953
0.12021342,0.007425218,0.040450383
0.12127868,0.008490473,0.043646187
0.11275658,0.007425203,0.052168302
0.08079868,0.013816775,0.07240832
0.06268919,0.015947295,0.09051782
0.024339717,0.022338865,0.10543152
0.011556557,0.019143067,0.104366265
-0.002291864,0.013816739,0.08412628
-0.001226598,0.013816733,0.06921259
0.02114394,0.011686198,0.06175577
0.049906056,0.006359872,0.047907356
0.07440712,0.006359861,0.037254736
0.08079871,0.007425119,0.037254747
0.085059755,0.015947217,0.05429898
0.076537654,0.01594721,0.059625305
0.061623972,0.014881936,0.073473744
0.05097134,0.012751403,0.086256914
0.045645025,0.01807771,0.10969273
0.050971348,0.022338757,0.11821485
0.060558725,0.025534539,0.11608434
0.057362936,0.017012425,0.11288855
0.05629768,0.017012415,0.091583304
0.058428206,0.02127346,0.08093067
0.049906097,0.014881871,0.06495174
0.047775578,0.013816601,0.060690697
0.04777558,0.014881856,0.06921282
0.044579793,0.017012374,0.09371389
0.03925348,0.023403948,0.11395391
0.036057692,0.027664997,0.1320634
0.027535584,0.030860776,0.14591184
0.034992266,0.029795948,0.15656382
0.049905952,0.034056995,0.16721645
0.066950165,0.035122257,0.15975961
0.08186386,0.028730674,0.13312803
0.09890808,0.020208562,0.10010486
0.111691244,0.019143293,0.075603805
0.11808282,0.017012764,0.07347328
0.103169136,0.017012754,0.08412593
0.08505966,0.01701275,0.08732173
0.052036498,0.021273801,0.08945226
0.030731225,0.020208534,0.077734366
0.007295429,0.009555892,0.054298583
0.00409964,0.008490625,0.03725437
0.013687013,0.009555883,0.027667008
0.022209123,0.010621143,0.031928066
0.0317965,0.00849061,0.052168082
0.036057554,0.011686397,0.060690198
0.036057554,0.018077973,0.06708178
0.04884072,0.014882178,0.07027758
0.06375441,0.015947437,0.07453864
0.07014599,0.020208487,0.08732181
0.06801546,0.021273745,0.093713395
0.0669502,0.022339005,0.10436604
0.058428098,0.022339,0.119279735
0.054167047,0.028730579,0.1267366
0.033927042,0.023404254,0.123540804
0.023274407,0.024469513,0.11927976
0.023274409,0.023404246,0.11182292
0.028600728,0.023404242,0.10862714
0.049906,0.022338973,0.10649662
0.05842811,0.024469497,0.12034505
0.06481969,0.036187388,0.14271559
0.06908075,0.036187384,0.16402088
0.06375443,0.043644223,0.17999983
0.0531018,0.03725264,0.15549879
0.050971277,0.018077891,0.11288824
0.059493385,0.011686304,0.07666928
0.0648197,0.010621036,0.05216824
0.06801549,0.009555768,0.048972458
0.06375445,0.015947346,0.052168254
0.047775496,0.019143132,0.06069037
0.027535489,0.018077863,0.07240827
0.005164956,0.017012594,0.07879986
-0.009748732,0.013816799,0.087321974
-0.015075048,0.023404168,0.09371356
-0.015075047,0.020208372,0.10330094
-0.0076182,0.024469422,0.11395358
0.014752336,0.030861,0.12673676
0.0275355,0.030860996,0.12886728
0.056297623,0.026599934,0.124606244
0.0712113,0.027665196,0.11075782
0.07973342,0.026599927,0.108627304
0.080798686,0.02020834,0.10969257
0.07547236,0.023404127,0.11075784
0.06375447,0.02553465,0.10649679
0.042449202,0.0180778,0.09264838
0.02327446,0.017012531,0.076669425
0.02327446,0.017012531,0.076669425
0.005164985,0.021273576,0.06708208
0.00623025,0.020208308,0.07347366
0.006230251,0.021273566,0.08199578
0.01475236,0.024469353,0.091583155
0.015817625,0.020208297,0.083061054
0.026470263,0.017012497,0.07134316
0.024339737,0.014881966,0.067082115
0.02433974,0.011686171,0.06814738
0.01794816,0.017012486,0.06708213
0.019013425,0.01701248,0.07773477
0.028600799,0.023404058,0.08945268
0.03712291,0.02553458,0.10436638
0.04244923,0.028730368,0.12567165
0.052036606,0.036187205,0.15123798
0.05949345,0.037252463,0.15230326
0.058428187,0.031926144,0.14591168
0.04671029,0.029795611,0.13845485
0.025405021,0.02766508,0.12034536
0.005165016,0.026599811,0.12034538
-0.001226564,0.026599808,0.119280115
-0.003357089,0.02979559,0.12354118
0.003034494,0.032991376,0.13525909
0.01368713,0.0351219,0.14591174
0.021143977,0.037252422,0.146977
0.02753556,0.034056626,0.14271595
0.0381882,0.0319261,0.12673701
0.055232417,0.03192609,0.12673703
0.055232417,0.031926088,0.12673703
0.05523242,0.034056608,0.1278023
0.038188204,0.028730288,0.13312863
0.04031873,0.024469232,0.13419388
0.043514527,0.028730279,0.109692834
0.044579793,0.027665013,0.10649704
0.04031874,0.025534479,0.09264863
0.029666103,0.02659974,0.08838758
0.010491363,0.020208152,0.077734955
-0.001226535,0.021273414,0.07347391
-0.00655285,0.01914288,0.07773496
-0.001226531,0.024469193,0.08945287
0.014752423,0.028730242,0.10436657
0.024339797,0.03192603,0.11714974
0.039253492,0.034056548,0.13312872
0.041384015,0.030860757,0.13419397
0.053106263,0.039401334,0.15654801
0.06588939,0.042597204,0.1735921
0.06375885,0.044727787,0.17785308
0.05523671,0.041532077,0.16933084
0.041388255,0.037271086,0.15761283
0.025409278,0.035140626,0.14482957
0.016887143,0.03620596,0.13417684
0.010495544,0.036206007,0.13737254
0.010495512,0.038336612,0.13950296
0.016887069,0.04153247,0.1437639
0.04032284,0.045793593,0.15654697
0.06375861,0.04685892,0.17678685
0.088259645,0.050054777,0.18637413
0.09465121,0.044728514,0.18211299
0.091455385,0.036206488,0.15654656
0.081867985,0.03088025,0.12352325
0.071215324,0.02235819,0.104348436
0.057366878,0.019162467,0.086238846
0.034996323,0.01809727,0.06706401
0.020082606,0.017032072,0.058541797
0.008364681,0.021293191,0.06067222
0.004103608,0.023423769,0.07452057
0.00516884,0.03514175,0.10647835
-0.002288024,0.039402854,0.118196175
-0.015071217,0.031946093,0.1192613
-0.027854398,0.02875035,0.1054128
-0.039572332,0.019163061,0.08197688
-0.032115504,0.024489429,0.075585224
-0.016136583,0.020228457,0.06919351
-0.001222918,0.018097997,0.06919341
0.014756009,0.022359116,0.07771541
0.022212835,0.024489693,0.08410692
0.03606123,0.03194662,0.10967312
0.039257,0.034077194,0.11819515
0.025408544,0.029816223,0.11712976
0.01795168,0.026620485,0.11606442
0.010494804,0.027685832,0.116064295
0.010494778,0.034077477,0.12565157
0.019016862,0.035142805,0.13736935
0.023277897,0.035142858,0.14482613
0.034995764,0.03833873,0.14163022
0.0477789,0.036208272,0.13949959
0.06269256,0.033012543,0.14056474
0.07441044,0.036208384,0.13949941
0.08825883,0.03727373,0.14376032
0.09358513,0.040469572,0.15015183
0.08932405,0.041534916,0.15334749
0.09145456,0.04260023,0.16080426
0.097846106,0.05112242,0.18423994
0.096780814,0.056448802,0.20447984
0.09465027,0.05644887,0.21300185
0.08612814,0.05325313,0.20234913
0.073344946,0.040470053,0.16399951
0.07121441,0.040470067,0.15654266
0.063757524,0.029817544,0.12458456
0.06269225,0.03194809,0.11925822
0.06162695,0.03301347,0.114996985
0.0680185,0.03407878,0.11712743
0.06801847,0.034078863,0.11073572
0.06588793,0.031948388,0.100083016
0.04884368,0.027687417,0.08623446
0.02221207,0.026622217,0.077712245
-0.008680598,0.020230703,0.07025531
-0.032116413,0.018100224,0.05960259
-0.0480954,0.011708727,0.04894983
-0.045964893,0.014904583,0.032970775
-0.03637755,0.008513068,0.019122249
-0.027855467,0.009578398,0.013795828
-0.004419695,0.007447937,0.01805678
0.004102394,0.010643777,0.025513548
0.026472896,0.014904913,0.045753427
0.038190775,0.02023128,0.05747125
0.045647588,0.024492417,0.0755806
0.046712834,0.024492467,0.086233154
0.059495963,0.025557812,0.10008146
0.06695278,0.02875367,0.11499504
0.0744096,0.031949528,0.12351705
0.07334431,0.03621065,0.127778
0.07227903,0.037275977,0.13523474
0.06588742,0.039406553,0.13949573
0.04884318,0.044732954,0.15014823
0.037125252,0.050059337,0.16186604
0.030733656,0.046863593,0.17038806
0.019015722,0.045798413,0.17251846
0.009428326,0.046863742,0.16612677
-1.59E-04,0.045798548,0.16080035
-0.006550678,0.047929138,0.16293077
-0.006550703,0.053255524,0.17571384
-0.015072837,0.05112506,0.18636638
-0.009746551,0.056451462,0.18956204
0.001971323,0.054321002,0.19595352
0.010493418,0.055386297,0.18849662
0.010493381,0.04047271,0.14695118
0.007297571,0.035146438,0.124580584
-0.005485617,0.028754923,0.106470995
-0.010811953,0.031950768,0.102209866
-0.012942512,0.034081373,0.1117971
-0.012942543,0.030885667,0.112862244
-0.003355197,0.030885734,0.10647056
-0.003355197,0.030885734,0.10647056
0.020091297,0.034105092,0.110716
0.012634413,0.039431516,0.11391163
-0.005475107,0.038366355,0.12030305
-0.022519343,0.037301145,0.12030297
-0.053412046,0.04475815,0.13628168
-0.05873838,0.0447582,0.13947739
-0.06086897,0.04688888,0.15971714
-0.05128164,0.053280573,0.17782646
-0.034237463,0.0554112,0.19274
-0.01825855,0.057541836,0.20339246
-0.019323854,0.054346148,0.2151102
-0.026780749,0.050085224,0.20232683
-0.032107096,0.05221583,0.1938046
-0.034237653,0.047954854,0.18741292
-0.008671388,0.05647712,0.1831516
-0.001214564,0.06073823,0.18634732
0.012633812,0.055412035,0.177825
0.013699026,0.047955323,0.16184586
0.009437932,0.049020693,0.15119305
0.006242101,0.04795553,0.15545395
0.010503125,0.049020875,0.16397594
0.019025194,0.0543473,0.18208525
0.030743055,0.05967372,0.20019457
0.031808287,0.05647801,0.20445551
0.035004027,0.05328235,0.18528055
0.025416624,0.04476032,0.1629099
0.013698675,0.030912023,0.12562548
0.0062418,0.029846836,0.10964641
-0.001215095,0.026651178,0.10325462
-0.009737243,0.0319776,0.09686288
-0.020389918,0.025586125,0.10218904
-0.028912056,0.028781993,0.102188915
-0.022520525,0.030912649,0.10112345
-0.009737393,0.03091273,0.104319125
0.010502564,0.03304339,0.105384186
0.01795937,0.030912966,0.11284087
0.013698274,0.03091307,0.112840705
-1.50E-04,0.030913174,0.10751423
-0.019324975,0.029848013,0.10325301
-0.031042904,0.029848091,0.10431816
-0.039565064,0.02878296,0.11497059
-0.03530405,0.031978857,0.12349253
-0.02358619,0.036240015,0.13734078
-0.003346223,0.041566435,0.14160168
0.007306373,0.04369707,0.14160152
0.012632661,0.03837083,0.13201402
-0.002281079,0.02984885,0.108578034
-0.011868491,0.023457374,0.08727261
-0.010803267,0.018131163,0.07022823
0.003045118,0.020261794,0.07448912
0.022219822,0.025588216,0.08301107
0.0307419,0.028784085,0.09046779
0.04885133,0.038371585,0.11496864
0.05737341,0.042632718,0.1298822
0.057373356,0.058611803,0.15970938
0.053112272,0.0522203,0.17462295
0.04991643,0.05754675,0.19166696
0.045655336,0.05648159,0.19699311
0.04139424,0.05435117,0.19912347
0.037133157,0.054351248,0.19912335
0.038198374,0.053286117,0.19060107
0.04032887,0.047959875,0.18101357
0.042459346,0.044764217,0.16716494
0.050981417,0.04476432,0.16183846
0.047785588,0.051156003,0.16716461
0.038198184,0.05115608,0.16609922
0.006240228,0.05009095,0.15864219
-0.019326137,0.049025793,0.15331571
-0.037435655,0.05009116,0.1543808
-0.039566215,0.052221764,0.16183753
-0.02358731,0.058613475,0.17568575
-0.009738915,0.055417765,0.19592564
0.023284193,0.07459267,0.24599278
0.031806283,0.07246219,0.2609064
0.035002023,0.08418022,0.28327674
0.020088304,0.077788725,0.27581978
-0.012934916,0.06926675,0.24066585
-0.0438276,0.061809998,0.20870778
-0.06939397,0.05541852,0.18420656
-0.08856875,0.05115757,0.16929272
-0.07578563,0.05541873,0.1650315
-0.059806712,0.052223045,0.1746187
-0.05021938,0.058614735,0.18207538
-0.036370993,0.06181063,0.19592366
-0.023587871,0.06607179,0.21296771
-0.00760896,0.06713716,0.22681597
0.008369954,0.068202525,0.23427266
0.020087812,0.06820263,0.23001145
0.03180567,0.06394168,0.2204239
0.033936158,0.060745995,0.21190163
0.03180559,0.05968083,0.19272673
0.023283454,0.047963012,0.1756824
0.012630767,0.04370209,0.15011586
0.00730441,0.03731061,0.13094096
-0.004413529,0.035180192,0.10857027
-0.020392522,0.028788714,0.09472168
-0.014000981,0.027723556,0.09578679
0.007304249,0.037311032,0.12028768
0.027544206,0.04583327,0.15650645
0.027550736,0.049012013,0.16398965
0.049913574,0.06604379,0.21832417
0.047783077,0.07137004,0.24602112
0.030738885,0.07456577,0.2588044
0.016890476,0.072435185,0.25986972
-0.004414762,0.06710879,0.23749931
-0.021458954,0.053260297,0.20128046
-0.03424209,0.04473812,0.16399634
-0.04382943,0.04473804,0.14482172
-0.04063362,0.045803253,0.14588706
-0.035307277,0.0511295,0.1565398
-0.021458827,0.056455754,0.1767799
-0.016132483,0.06284727,0.19488949
-0.00761035,0.063912466,0.2151296
-0.002284008,0.06497766,0.23217392
-0.001218719,0.069238655,0.24389192
-0.010806059,0.06604278,0.23643519
-0.031046048,0.06497747,0.22045632
-0.07685236,0.054324765,0.19595537
-0.122658655,0.05645523,0.18530282
-0.15994285,0.052194107,0.18423767
-0.17272599,0.054324567,0.17891146
-0.17166069,0.05325924,0.18104209
-0.1535512,0.05858549,0.1927601
-0.12265853,0.060715955,0.21832651
-0.08430902,0.06817273,0.24176241
-0.04702477,0.070303194,0.26200256
-0.010805788,0.07243365,0.2694595
0.017956354,0.06710727,0.25774166
0.042457443,0.056454565,0.22684914
0.058436416,0.047932394,0.18530396
0.07548066,0.038344953,0.14056298
0.08400279,0.03195331,0.11180097
0.09678598,0.033018503,0.103278965
0.09465549,0.036214214,0.11606226
0.08506813,0.042605743,0.1373676
0.06695868,0.047931995,0.1554772
0.048849225,0.046866663,0.17252152
0.032870296,0.050062392,0.17997845
0.024348212,0.05538864,0.19489224
0.017956657,0.058584366,0.21300183
0.00836931,0.06284536,0.21406719
0.010499856,0.05751899,0.20661043
0.014760941,0.05006206,0.17252213
0.010499913,0.039409358,0.14162958
9.13E-04,0.039409295,0.12138968
-0.010805307,0.03621344,0.12565084
-0.020392653,0.04793127,0.14162989
-0.016131572,0.058583837,0.1735879
-0.017196812,0.061779566,0.1970238
-0.022523105,0.06391002,0.21406811
-0.022523079,0.056453113,0.21939452
-0.029979898,0.06390989,0.22365569
-0.026784083,0.05964877,0.21300316
-0.03637143,0.05538765,0.1970243
-0.04382825,0.05112653,0.16932756
-0.042762958,0.052191727,0.17145818
-0.032110296,0.06604009,0.20235093
-0.019327112,0.0724316,0.24602683
-0.002282869,0.082018904,0.2769196
0.022218216,0.09267148,0.3088776
0.053110886,0.097997725,0.33977038
0.07122039,0.10119346,0.34190097
0.07654673,0.08947549,0.3237916
0.07122044,0.08521437,0.29609486
0.05737204,0.078822725,0.27265915
0.044588905,0.075626865,0.26094136
0.030740505,0.0756268,0.24815828
0.00730473,0.0734962,0.23430996
-0.002282616,0.07030035,0.23324479
-0.007608909,0.066039234,0.21407016
9.13E-04,0.061778113,0.18850394
0.013696406,0.05858227,0.18743876
0.0381975,0.055386394,0.19383045
0.044589113,0.06710421,0.2193969
0.03606703,0.07029994,0.24389808
0.03606703,0.07029994,0.24389808
0.010500754,0.071365066,0.24815932
9.13E-04,0.06816924,0.24602886
-0.016130788,0.060712323,0.22578897
-0.033174973,0.053255394,0.18850487
-0.03637074,0.04473322,0.16826497
-0.035305463,0.041537393,0.15654713
-0.03743595,0.03727624,0.13417673
-0.040631723,0.035145663,0.13630736
-0.038501162,0.046863478,0.15867801
-0.040631667,0.060711842,0.19489707
-0.035305325,0.07242967,0.24283403
-0.039566353,0.08840856,0.30355418
-0.059806332,0.103322186,0.342969
-0.09069895,0.10225685,0.36533967
-0.117330514,0.10012626,0.36001343
-0.13650523,0.092669345,0.3355125
-0.15035364,0.07669032,0.2854452
-0.15567993,0.060711313,0.22579053
-0.14822307,0.052189153,0.19702849
-0.12691775,0.050058544,0.19063705
-0.10667772,0.05431953,0.19383292
-0.08750296,0.06177631,0.21939935
-0.08217662,0.06710256,0.25242266
-0.08749681,0.0724671,0.2662339
-0.109867394,0.08311988,0.29925686
-0.13330323,0.09057683,0.33014932
-0.15034749,0.09270747,0.34719336
-0.1567391,0.09270752,0.34506273
-0.17058757,0.08525082,0.32482252
-0.16632657,0.0809899,0.29712546
-0.15354346,0.076728955,0.29499474
-0.14821717,0.08312065,0.31097355
-0.14821722,0.08525126,0.33547446
-0.15460883,0.09483877,0.3578448
-0.16632676,0.09483885,0.3599752
-0.17271838,0.08205576,0.34825718
-0.17165318,0.07566436,0.30671164
-0.154609,0.07566446,0.2875367
-0.13117325,0.07033826,0.27155763
-0.11199856,0.06927311,0.26410058
-0.09921544,0.06927322,0.27475303
-0.094954416,0.0692733,0.2811445
-0.11306395,0.07246922,0.2896664
-0.1269124,0.07033878,0.29286206
-0.13649982,0.066077866,0.28860077
-0.13223879,0.06927374,0.27475223
-0.110933594,0.06501281,0.24812044
-0.09282414,0.05755606,0.23320661
-0.066192605,0.06075199,0.21935798
-0.05447474,0.055425774,0.22681467
-0.043822147,0.058621652,0.23746717
-0.03423482,0.05223021,0.23853223
-0.03530013,0.052230317,0.23320572
-0.043822274,0.053295664,0.22255297
-0.05021389,0.051165245,0.21296543
-0.04808341,0.053295884,0.21403052
-0.040626615,0.053296022,0.23000927
-0.03849612,0.05968768,0.22361755
-0.04382249,0.049035188,0.20657313
-0.05021411,0.051165823,0.19698557
-0.06512785,0.05116593,0.1916591
-0.09175948,0.051166043,0.1948547
-0.11413005,0.050100893,0.21296403
-0.12691325,0.04903574,0.23320386
-0.13543539,0.051166344,0.23746479
-0.14928387,0.051166482,0.24492142
-0.15461022,0.055427648,0.2523781
-0.16100185,0.054362494,0.2587695
-0.15567558,0.051166814,0.2545083
-0.1418272,0.05010166,0.25024706
-0.13010934,0.053297564,0.238529
-0.11519569,0.049036622,0.2214846
-0.09175994,0.04371041,0.20017916
-0.069389455,0.03731894,0.16928634
-0.051280007,0.034123257,0.15330723
-0.04914953,0.03731916,0.15117653
-0.05554115,0.038384534,0.15330689
-0.06725909,0.039449908,0.1799383
-0.07045491,0.04264578,0.20443924
-0.07365075,0.052233264,0.22254854
-0.07578132,0.047972348,0.23639674
-0.07258556,0.04264611,0.23213558
-0.075781405,0.03412414,0.19698167
-0.083238296,0.024536878,0.1501099
-0.092825696,0.016014852,0.10430344
-0.110935226,0.007492854,0.049974836
-0.11945739,0.011754046,0.03506093
-0.115196355,0.013884655,0.058496602
-0.09069535,0.026667954,0.10749851
-0.075781696,0.03305962,0.1330647
-0.054476462,0.03519026,0.17034876
-0.03956282,0.038386155,0.2023065
-0.041693382,0.043712586,0.22467686
-0.053411327,0.043712698,0.23745985
-0.08004296,0.03945175,0.24065547
-0.09602194,0.037321307,0.2331985
-0.13863255,0.030929917,0.19591399
-0.14289361,0.030929944,0.1937834
-0.13756736,0.030930111,0.1927179
-0.13543685,0.033060692,0.19165254
-0.11945797,0.03306083,0.19591339
-0.11945801,0.029865148,0.17460793
-0.12052331,0.028799996,0.16288987
-0.12584966,0.027734844,0.17673811
-0.1439592,0.03412656,0.1916516
-0.15674241,0.03199615,0.2044346
-0.17165613,0.03306152,0.20763022
-0.16739511,0.0330616,0.20549956
-0.15567726,0.034127,0.20869514
-0.14502466,0.036257613,0.22041291
-0.13117628,0.03838825,0.23213065
-0.124784745,0.04264941,0.23426099
-0.11732795,0.036257975,0.22147763
-0.1109364,0.036258057,0.20762907
-0.12052383,0.02454029,0.17140989
-0.12585017,0.019214055,0.14797395
-0.12691548,0.017083665,0.12453796
-0.120523944,0.019214276,0.13092941
-0.10241452,0.023475466,0.14371236
-0.09069666,0.029867157,0.16927852
-0.097088285,0.029867267,0.18312676
-0.108806215,0.028802088,0.18525717
-0.12585047,0.028802197,0.17886542
-0.1343726,0.0245412,0.18099587
-0.1514051,0.026688518,0.15542276
-0.14820933,0.020297032,0.15116155
-0.13542621,0.02349292,0.14583509
-0.117316745,0.018166674,0.13731287
-0.06831467,0.023493111,0.1309211
-0.050205227,0.020297417,0.12452938
-0.047009464,0.026689071,0.13092084
-0.052335832,0.025623929,0.15755224
-0.057662174,0.030950319,0.17459635
-0.07896748,0.033080943,0.19377095
-0.10240333,0.0320158,0.20974971
-0.117317036,0.03201587,0.2129454
-0.13436131,0.026689649,0.22146736
-0.13542661,0.027755035,0.22253242
-0.14075296,0.025624603,0.22359754
-0.13329615,0.030950993,0.22253217
-0.12583934,0.029885847,0.21933618
-0.10986042,0.028820682,0.21294446
-0.09388151,0.026690252,0.207618
-0.08109838,0.02455982,0.19483468
-0.06618473,0.02775571,0.18631242
-0.058727916,0.02455999,0.18205126
-0.041683756,0.02988645,0.18737736
-0.033161677,0.032017052,0.20335619
-0.022509068,0.034147646,0.21720451
-0.01185647,0.027756168,0.22679174
0.003057173,0.02882155,0.22146523
0.009448727,0.029886883,0.21294302
9.27E-04,0.023495425,0.20229018
-0.005465037,0.025626024,0.20015955
-0.033161934,0.028821934,0.19589831
-0.052336708,0.02669148,0.19696346
-0.08216413,0.028822128,0.19270222
-0.09707784,0.026691671,0.1873758
-0.10666526,0.014973893,0.17139664
-0.11199161,0.018169757,0.15754811
-0.104534805,0.018169878,0.1522216
-0.08962114,0.02136574,0.1554173
-0.06405486,0.021365836,0.17033084
-0.03955386,0.027757565,0.19057062
-0.036358085,0.024561819,0.19376633
-0.037423376,0.02030084,0.18630937
-0.069381334,0.020300983,0.1703302
-0.09707823,0.019235838,0.18311317
-0.105600365,0.020301174,0.2022878
-0.101339355,0.026692877,0.23637605
-0.089621484,0.030954003,0.2523549
-0.072577305,0.032019366,0.25448528
-0.052337345,0.02349735,0.24063669
-0.024640527,0.017105866,0.21187443
0.011578396,0.0160407,0.17778584
0.046732046,0.01604082,0.13517512
0.056319382,0.014975651,0.1138697
0.057384606,0.017106276,0.12452219
0.048862472,0.02349793,0.14476208
0.043536127,0.024563264,0.17245883
0.020100283,0.02882444,0.21080811
-1.40E-04,0.026693985,0.2289175
-0.05872929,0.026694104,0.24596152
-0.115188286,0.025628937,0.24383084
-0.14288518,0.020302717,0.2321128
-0.15779892,0.019237548,0.2129379
-0.16312526,0.021368172,0.18630616
-0.16845162,0.01710719,0.17032711
-0.16312534,0.01391152,0.1415648
-0.15886432,0.017107384,0.126651
-0.15140752,0.018172767,0.12558556
-0.1439507,0.018172864,0.13943383
-0.14501601,0.026695069,0.15860842
-0.1428855,0.022434112,0.17991354
-0.14075503,0.02030368,0.19376181
-0.13010243,0.02243428,0.20015329
-0.11305825,0.01604282,0.20334889
-0.110927746,0.014977626,0.20334879
-0.10986253,0.016043011,0.19482648
-0.10986255,0.014977819,0.18950006
-0.10773208,0.012847412,0.17884724
-0.119450025,0.020304378,0.1831081
-0.12584163,0.014978132,0.19589116
-0.13436379,0.016043492,0.20228258
-0.1407554,0.014978326,0.20760876
-0.14608175,0.02030474,0.20867386
-0.15566917,0.019239573,0.20654319
-0.14714709,0.01604388,0.19908619
-0.11625447,0.01923974,0.19482504
-0.10453658,0.016043974,0.19802079
-0.012923994,0.024566276,0.20867312
-1.41E-04,0.024566349,0.21612985
-0.013989331,0.030958049,0.20973809
-0.050208326,0.025631828,0.20441163
-0.11412417,0.025631923,0.19588937
-0.16632211,0.019240417,0.18843241
-0.24515165,0.017110009,0.2182596
-0.2558043,0.01604477,0.22997747
-0.30267596,0.018175464,0.30134985
-0.2920234,0.017110322,0.33756864
-0.2664571,0.01604513,0.35354748
-0.2291729,0.016045228,0.36206943
-0.17910556,0.022436928,0.34715557
-0.17910556,0.022436928,0.34715557
-0.13116695,0.016028576,0.30243552
-0.12051431,0.009636976,0.28113025
-0.09814376,-0.010603062,0.24810712
-0.08642586,4.96E-05,0.24384609
-0.006531076,0.016028477,0.22893246
0.006252097,0.014963189,0.21614933
9.26E-04,0.011767373,0.20123568
-0.005465786,0.011767355,0.18951781
-0.002269983,0.010702061,0.17353891
-0.00120471,0.008571509,0.16714737
0.003056353,0.006440957,0.16075583
0.00518689,0.009636723,0.15542954
0.011578481,0.007506171,0.149038
0.011578481,0.007506171,0.149038
0.007317445,0.011767175,0.15436439
0.005186925,0.009636629,0.15329917
-0.007596225,0.004310281,0.13945079
-0.013987799,0.005375526,0.13518976
-0.016118314,0.002179705,0.13092875
-0.00546567,0.007505997,0.11601511
0.006252239,0.008571235,0.10962356
0.007317514,0.008571206,0.111754134
0.005186996,0.006440653,0.11601523
9.26E-04,0.005375371,0.1117542
0.003056486,0.007505873,0.1160153
0.005187023,0.006440585,0.1170806
0.007317559,0.008571087,0.12879853
0.007317568,0.009636326,0.13838594
0.004121788,0.010701565,0.13838598
0.003056531,0.008571019,0.1415818
-1.39E-04,0.006440461,0.13519026
-0.007596085,0.007505706,0.13092923
-0.007596073,0.009636203,0.14051665
-0.005465539,0.007505657,0.15010406
0.004121845,0.01176668,0.17034411
-1.39E-04,0.007505607,0.17353994
-0.006530772,0.007505576,0.16927892
-0.006530765,0.010701348,0.15969157
-0.004400226,0.006440263,0.16821373
-0.002269691,0.009636035,0.17354009
-1.39E-04,0.012831794,0.19271488
-0.001204409,0.009635985,0.20230228
-0.004400188,0.011766482,0.2086939
-0.011857023,0.006440139,0.20230235
-0.012922277,0.010701168,0.19804135
-0.015052797,0.008570623,0.19591086
-0.001204359,0.010701119,0.19910668
0.006252493,0.012831627,0.20869409
0.009448295,0.016027387,0.23426045
0.004121984,0.014962105,0.2427826
-0.007595902,0.010701019,0.23213
-0.003334841,0.011766264,0.22041214
-0.00653062,0.011766234,0.19058481
-0.00866114,0.012831479,0.17886694
-0.017183235,0.012831448,0.18312804
-0.016117966,0.010700902,0.1969765
-0.019313743,0.008570344,0.22041234
-0.017183209,0.007505062,0.22786921
-0.00866109,0.010700822,0.23426084
-0.001204238,0.00963554,0.22999983
-0.011856861,0.010700772,0.20656407
-0.028901065,0.010700742,0.18419358
-0.041684218,0.008570189,0.17141046
-0.041684218,0.008570189,0.17141046
-0.04487999,0.005374355,0.17567158
-0.035292614,0.006439594,0.17886741
-0.017183121,0.003243779,0.17780218
-1.39E-04,0.006439551,0.17673694
0.00518743,0.011765838,0.17993279
-0.002269405,0.01070055,0.18312861
-0.005465188,0.007504741,0.18419391
-0.008660969,0.006439452,0.18632448
-0.009726221,0.011765739,0.18952031
-0.003334633,0.01176572,0.17993297
-0.001204103,0.011765713,0.17673717
-0.003334618,0.001113047,0.13519196
0.02116646,0.011765639,0.08725517
0.019035941,0.00856983,0.08086362
-1.39E-04,0.005374009,0.08086367
-0.013987209,0.00111293,0.07660265
-0.015052463,0.004308695,0.0968427
-0.012921926,0.006439198,0.14264905
-0.011856653,0.007504437,0.19591229
-0.022509277,0.004308621,0.23319653
-0.026770322,0.00856965,0.25876293
-0.036357686,0.024548579,0.27580717
-0.07044611,0.010700128,0.28006825
-0.10240401,0.009634839,0.25450197
-0.13968822,0.004308497,0.23000094
-0.17697242,0.010700054,0.20443466
-0.19721241,0.01709161,0.19484732
-0.2877598,-0.010605266,0.20869578
-0.2526061,0.003243128,0.1628895
-0.19721238,-0.003148478,0.17034638
-0.13223131,-0.005279029,0.12560536
-0.068315506,-0.004213784,0.079799056
0.011579277,0.008569353,0.08619067
0.027558234,0.008569347,0.09790858
0.09360458,0.013895622,0.21402237
0.09360459,0.012830333,0.2491761
0.089343555,0.009634517,0.24598035
0.07762566,0.007503972,0.236393
0.05525514,0.004308151,0.20763095
0.037145667,0.004308126,0.19484782
0.024362516,0.005373365,0.18845627
0.015840419,0.006438603,0.1799342
0.012644636,0.007503842,0.16715108
0.020101488,0.00963435,0.15543321
0.01690571,0.008569056,0.14584588
0.010514133,0.006438517,0.15543328
-0.004399543,0.008569006,0.19058704
-0.009725856,0.008568995,0.19697863
-0.013986896,0.005373166,0.19165237
-0.004399512,0.006438399,0.17034715
0.004122604,0.00324259,0.15862928
0.008383662,0.005373105,0.16502087
0.025427895,0.006438331,0.17886937
0.032884743,0.002177258,0.1756736
0.022232123,0.006438281,0.15649891
0.012644757,0.005372999,0.13519366
0.003057397,0.005372968,0.1181495
0.004122668,0.006438213,0.13732426
0.01584058,0.006438176,0.17993486
0.001992162,-0.03191133,0.19378331
0.015840597,0.004307606,0.20976232
-1.38E-04,0.002177054,0.20337076
-0.025704658,0.003242286,0.15649922
-0.05020571,0.013894903,0.12347608
-0.087489925,0.0043075,0.074474014
-0.0938815,0.001111691,0.0670172
-0.093881495,0.00537272,0.07021303
-0.098142534,0.003242169,0.08619201
-0.11305621,0.002176874,0.10004049
-0.11838252,0.004307382,0.107497364
-0.12370883,0.007503148,0.13306372
-0.1269046,0.002176806,0.15756482
-0.089620374,0.007503099,0.16182591
-0.03635719,0.004307284,0.14691226
-0.005464543,0.006437792,0.13519439
9.27E-04,0.006437786,0.12880282
-0.007595056,0.008568281,0.096844964
-0.01824768,0.00324194,0.08193132
-0.00759503,0.003241896,0.07767033
-0.008660284,4.61E-05,0.089388266
-0.006529754,0.002176601,0.09684512
-0.007595008,0.002176577,0.11708517
-0.017182363,0.004307061,0.18100104
-0.02783499,0.004307036,0.1714137
-0.029965505,-0.00208457,0.1405211
-0.029965494,0.002176453,0.10962851
-0.029965494,0.002176453,0.10962851
-0.029965485,-0.001019362,0.103236966
-0.017182305,0.004306912,0.118150726
-0.017182294,0.002176354,0.09897603
-0.017182294,0.002176354,0.09897603
-0.016117012,-0.001019486,0.037190817
-0.012921214,-0.002084768,0.032929793
-0.013986466,0.001110992,0.06808354
-0.013986466,0.001110992,0.06808354
-0.018247502,-0.001019579,0.14158678
-0.02357381,0.00324145,0.13412997
-0.034226436,-0.001019629,0.10749844
-0.02357379,-0.00101966,0.081932165
-0.021443255,0.001110849,0.08619324
-0.029965352,0.003241345,0.094715394
-0.02890008,0.004306584,0.09365017
-0.035291653,0.003241296,0.07554073
-0.035291653,0.003241296,0.07554073
-0.035291635,0.00430651,0.067018695
-0.039552677,0.005371748,0.071279794
-0.04274846,0.003241196,0.07234509
-0.04061792,0.003241172,0.08725882
-0.0320958,0.003241147,0.12347782
-0.03422632,0.003241122,0.15010944
-0.045944206,4.53E-05,0.14158738
-0.050205253,-0.003150509,0.1128253
-0.04807472,-0.003150533,0.08725902
-0.033161018,0.001110496,0.05530114
-0.029965218,-0.001020056,0.018016957
-0.027834682,0.006436764,0.03506121
-0.03635678,-0.001020106,0.07341074
-0.039552566,0.004306187,0.11602132
-0.037422027,-0.001020149,0.14584872
-0.037422024,0.004306163,0.14691399
-0.034226216,-0.002085468,0.049975093
-0.034226216,-0.002085468,0.049975093
-0.021443037,4.50E-05,0.003103564
-0.033160925,0.001110248,0.037192043
-0.039552502,-0.005281346,0.06275839
-0.020377742,0.004305989,0.17035006
-0.020377733,0.002175437,0.2108301
-0.035291415,0.001110149,0.18206802
-0.040617723,0.005371185,0.13945752
-0.036356658,-0.004216218,0.08193335
-0.025704015,0.002175345,0.0957818
-0.028899794,-0.002085741,0.13732712
-0.03529137,-0.003151022,0.144784
-0.036356628,-0.001020508,0.13306612
-0.041682925,0.003240502,0.055301946
-0.040617663,4.47E-05,0.045714583
-0.031030273,0.001109926,0.06275887
-0.025703946,4.46E-05,0.11389156
-0.024638673,-0.003151177,0.15224108
-0.037421826,-0.002085939,0.13093585
-0.042748135,-0.00421649,0.07980324
-0.033160754,-0.002085988,0.03932326
-0.031030217,0.002175041,0.038258035
-0.026769154,0.00324028,0.042519126
-0.018247036,-0.001020799,0.03186653
-0.011855446,0.001109703,0.02014867
-0.021442806,-0.003151376,0.022279236
-0.029964905,4.44E-05,0.033997174
-0.047009114,-0.001020898,0.060628798
-0.05340069,-0.005281958,0.06488986
-0.04807436,4.43E-05,0.09684783
-0.0672491,0.004305352,0.18952578
-0.094945945,0.004305326,0.23533216
-0.10559856,-0.001021022,0.23320167
-0.09814171,4.42E-05,0.20870064
-0.071510114,4.42E-05,0.1618291
-0.05233536,-0.004216881,0.1160228
-0.05446587,-0.001021121,0.114957586
-0.05020481,-0.005282194,0.12880602
-0.029964792,-0.005282225,0.17993873
-0.027834257,-0.002086453,0.18952614
-0.037425984,-0.005270872,0.2086833
-0.036353964,-0.003129521,0.19696017
-0.03315818,-0.007390562,0.17352436
-0.021440297,0.001131584,0.12239165
-0.006526612,0.004327388,0.12558742
-1.35E-04,0.005392689,0.11813052
-0.003330847,0.002196925,0.121326275
-1.35E-04,0.00219695,0.18204623
9.30E-04,0.002196969,0.20761254
-1.35E-04,0.001131737,0.21293882
9.30E-04,0.001131763,0.21613455
-1.35E-04,6.65E-05,0.1990903
-1.35E-04,-9.99E-04,0.17565449
0.003060666,-0.003129215,0.17778495
-1.35E-04,0.004327656,0.18098071
-1.35E-04,0.006458215,0.21719961
0.01371327,-0.019108085,0.64650077
0.005191152,0.003262475,0.6251955
0.003060615,0.001131974,0.3663364
0.003060608,6.67E-05,0.19376366
-0.001200459,0.001132024,0.022256196
-0.001200466,0.00326257,0.035039328
0.004125845,0.002197326,0.07658458
0.001995305,0.003262622,0.09575928
-1.35E-04,0.004327911,0.10960766
0.001995283,6.69E-05,0.13730446
0.001995278,-0.002063626,0.1330434
9.30E-04,-9.98E-04,0.09149806
-0.001200532,0.001132216,0.0691275
9.30E-04,0.002197511,0.05740955
0.001995239,-9.98E-04,0.061670575
9.30E-04,6.70E-05,0.12452107
-1.35E-04,-0.00206346,0.16926208
-1.35E-04,0.003262883,0.19482838
-0.001200595,0.001132381,0.20335044
0.005190979,0.001132401,0.19376303
9.30E-04,0.005393487,0.14795665
0.003060432,-9.98E-04,0.090432405
-1.35E-04,-9.98E-04,0.09149762
-1.35E-04,6.72E-05,0.093628116
9.30E-04,-0.002063256,0.10854176
9.30E-04,-0.004193763,0.14795646
0.003060381,0.003263113,0.19056697
9.30E-04,-9.98E-04,0.21613325
0.005190891,-0.00206316,0.41214174
0.001995088,0.002197926,0.23637317
9.30E-04,0.003263209,0.10747627
9.30E-04,-9.98E-04,0.055278298
-0.00120073,-0.003128322,0.08404039
-0.00120074,0.001132758,0.12452037
0.001995041,0.001132784,0.16500032
9.30E-04,-0.002062981,0.17991398
9.30E-04,-0.002062956,0.17352237
0.006256064,-0.002062924,0.25022128
0.006256057,-9.98E-04,0.2811139
0.00412552,-0.002062879,0.21400225
-1.36E-04,-9.98E-04,0.14902113
0.001994973,6.77E-05,0.11067162
-1.36E-04,6.77E-05,0.12345474
0.001994953,-9.98E-04,0.13943365
-1.36E-04,-0.002062752,0.1575431
0.004125461,-0.008454307,0.27898312
0.003060187,-0.006323755,0.2193283
-1.36E-04,6.79E-05,0.16286929
0.001994904,-9.97E-04,0.13091135
9.30E-04,0.004328957,0.12771551
-0.001200906,-9.97E-04,0.14902075
0.003060139,6.80E-05,0.22891547
0.004125393,0.001133243,0.22678491
-0.002266199,0.001133269,0.078713246
-0.001200945,-0.00312776,0.014797389
0.004125363,-0.004192998,0.023319457
9.30E-04,-0.004192973,0.003079411
-0.00226624,0.002198641,9.49E-04
-0.004396774,6.81E-05,0.003079332
-1.36E-04,0.003263955,0.084039316
-0.001201004,0.006459765,0.09575719
9.30E-04,6.82E-05,0.15967295
0.003060031,-9.97E-04,0.3152014
0.004125285,-0.002062267,0.16180341
-0.002266309,0.001133556,0.005209613
-0.002266318,-9.97E-04,0.041428532
0.001994726,6.83E-05,0.13197589
9.29E-04,0.002198896,0.114931636
-1.36E-04,-9.97E-04,0.04888526
-1.36E-04,-9.97E-04,0.038232595
9.29E-04,-0.004192608,0.024384119
-0.002266377,-0.00312732,0.004144074
-1.36E-04,0.003264287,-1.17E-04
-0.004396923,0.006460103,-0.001182323
-1.36E-04,0.004329601,0.02118817
9.29E-04,0.0021991,0.0424934
-0.001201162,0.003264389,0.025449146
0.004125146,0.001133887,0.13623652
0.001994609,-0.002061878,0.12238805
0.003059862,-0.003127116,0.04355851
9.29E-04,-0.00419236,-0.001182589
-1.36E-04,-9.97E-04,-1.17E-04
-0.002266485,-0.004192303,-1.17E-04
9.29E-04,6.88E-05,-0.001182718
-1.31E-04,-9.83E-04,-0.001192274
-0.00332648,0.004343157,9.38E-04
-1.31E-04,0.004343212,0.003068609
-0.006522313,0.007539057,0.004133788
-0.00226128,0.004343322,0.00626423
0.005195544,-0.006309258,0.10746419
0.006260786,-0.007374466,0.0605925
0.003064975,-0.005243884,0.00200292
0.003064954,-0.00843962,-1.28E-04
-0.001196122,8.25E-05,0.003068014
-0.002261406,-0.002047929,9.37E-04
0.001999627,8.27E-05,9.37E-04
-1.31E-04,-0.003113082,-0.001193296
-0.002261469,8.28E-05,0.003067673
-0.003326759,-0.002047695,0.021177048
0.001999543,-0.002047654,0.0265033
-0.001196253,-0.00204764,0.02330749
-0.00119629,0.003278774,0.05100419
-0.001196296,0.003278788,0.056330487
-0.001196332,0.004344148,0.049938757
-0.002261617,0.004344203,0.08402711
9.34E-04,-0.003112586,0.098940715
0.004129922,-0.005243058,0.046742707
-1.31E-04,-0.005243003,0.003066822
0.001999368,-0.006308254,9.36E-04
-1.31E-04,0.002213951,9.36E-04
-0.003327007,0.003279269,0.006262357
-0.005457555,0.001148798,0.059525445
-0.004392297,0.004344602,0.0808307
0.006260307,-0.011634269,0.082961105
0.005195032,-0.007373187,0.06911263
0.005194996,-0.012699408,0.006261931
0.003064463,-0.011634131,0.005196647
0.001999163,-0.003111926,-0.002260347
-1.31E-04,-0.003111912,-0.001195105
-0.00119667,-0.003111816,9.35E-04
-1.31E-04,-9.81E-04,0.002000452
-1.31E-04,8.41E-05,9.35E-04
9.34E-04,-0.002046387,-1.30E-04
-0.003327281,-9.81E-04,9.35E-04
9.34E-04,0.001149514,9.35E-04
-0.001196796,8.43E-05,0.012652661
-1.32E-04,-0.006307221,0.05419785
0.004129479,-0.002046112,0.054197766
-0.00119686,-0.004176584,0.017978724
0.001998915,0.003280302,-1.31E-04
0.003064152,0.003280371,0.0019996
-0.001196918,0.001149885,-0.001196254
0.001998857,0.001149927,-1.31E-04
-0.002262223,-0.005241586,-0.002261688
-1.32E-04,-0.002045741,0.001999281
-0.001197002,8.48E-05,9.34E-04
9.34E-04,8.49E-05,0.001999111
9.33E-04,8.50E-05,-1.32E-04
0.004129242,8.50E-05,-0.001196892
-1.32E-04,-0.002045438,-1.32E-04
-1.32E-04,-0.005241214,0.001998792
-0.001197139,-0.005241118,-0.001197148
-1.32E-04,-0.004175813,-1.32E-04
-1.32E-04,8.53E-05,0.001998515
-1.32E-04,-9.80E-04,9.33E-04
9.33E-04,8.54E-05,9.33E-04
0.001998552,8.55E-05,-1.32E-04
-0.004393045,-9.80E-04,0.001998175
-1.32E-04,-0.002044983,9.33E-04
-1.32E-04,8.56E-05,0.001997962
-1.32E-04,-0.003110096,-0.002263177
-1.32E-04,-0.003110054,9.33E-04
0.001998425,-9.79E-04,-1.33E-04
-0.001197381,8.58E-05,-1.33E-04
-1.32E-04,8.59E-05,9.32E-04
-0.001197424,0.001151206,-0.001198297
9.33E-04,-9.79E-04,9.32E-04
9.33E-04,0.003281844,-0.001198467
-0.004393272,0.002216621,0.003062523
-0.00332804,0.00115144,9.32E-04
-0.001197529,0.003282009,-1.33E-04
-0.002262814,-9.79E-04,-1.34E-04
-1.32E-04,0.002216869,0.001996876
-1.32E-04,0.00221691,0.001996813
-0.001197608,0.002216952,0.006257803
-0.00439343,0.005412825,0.020106101
-0.002262914,0.006478116,0.04141133
0.003063372,-0.0052397,0.17776494
0.006259152,-0.004174409,0.18415648
0.00306333,-0.0020438,0.1095879
0.001998046,-0.003109008,0.027562521
0.00199803,-0.002043703,0.004126659
-1.33E-04,-9.78E-04,9.31E-04
-0.002263067,0.004347988,-1.35E-04
-1.33E-04,0.004348043,0.00306114
-0.002263114,0.003282849,0.010517878
-1.33E-04,8.71E-05,0.037149403
0.008389485,-0.010565481,0.08189039
0.005193673,-0.007369636,0.028627126
0.003063114,-0.004173762,9.30E-04
-1.33E-04,-0.007369526,9.30E-04
9.33E-04,0.002217915,9.30E-04
-0.004393783,0.00328322,9.30E-04
-0.005459068,0.001152748,-0.001200681
-0.002263299,0.002218067,0.001995025
-0.002258821,0.003286547,0.014779244
-0.00758515,0.011808685,0.029692885
-0.008650422,0.007547653,0.048867594
0.015850628,-0.015888114,0.068042286
0.007328508,-0.005235449,0.001995906
0.005197969,-0.005235418,0.001995859
0.002002167,-0.002039597,9.31E-04
-1.28E-04,-0.004170094,-0.001200026
-0.002258913,0.001156262,-0.002265348
-0.002258925,-0.003104762,9.30E-04
-0.002258925,-0.003104762,9.30E-04
-0.002258939,9.11E-05,-0.00120019
0.003067358,0.001156383,-1.35E-04
-0.001193708,-9.74E-04,-1.35E-04
-0.001193708,-9.74E-04,-1.35E-04
0.004132587,-0.002039317,0.003060642
-1.28E-04,9.12E-05,9.30E-04
-0.002259018,0.001156534,9.30E-04
-0.002259018,0.001156534,9.30E-04
-0.00119378,-0.003104452,0.033953086
-1.29E-04,-0.00630022,0.07656359
-0.001193801,9.14E-05,0.058454067
-0.001193801,9.14E-05,0.058454067
-0.001193824,0.001156716,0.023300275
-0.001193824,0.001156716,0.023300275
-0.001193844,0.003287296,0.053127572
-0.01078123,0.011809442,0.107455954
-0.010781243,0.010744209,0.17563279
-0.003324409,0.003287394,0.19906852
-1.29E-04,-0.002038893,0.18202426
0.005197676,-0.00416939,0.11917366
0.005197665,-0.006299887,0.045670435
-0.002259192,0.004352779,9.29E-04
-0.002259203,-9.74E-04,-0.002266518
-1.29E-04,-0.003104006,9.29E-04
-0.001193963,9.18E-05,-1.36E-04
-0.002259238,-9.73E-04,0.001994396
0.003067068,-0.004169178,9.29E-04
-1.29E-04,-0.003103884,0.003059566
0.004132309,9.19E-05,-1.36E-04
-1.29E-04,-0.003103824,-0.003332109
0.002001758,-0.005234321,9.29E-04
0.006262801,-0.006299554,-0.001201675
0.003066998,-0.009495313,-1.36E-04
0.00413225,-0.004168966,-0.002267033
0.007328029,-0.004168936,-1.37E-04
-1.29E-04,-0.006299425,-0.002267138
0.002001689,-0.003103612,-1.37E-04
-1.29E-04,-0.005234109,-1.37E-04
-1.29E-04,-0.003103552,-0.002267266
-1.29E-04,9.23E-05,-0.009724159
9.36E-04,-9.73E-04,-0.01718105
9.36E-04,9.23E-05,-0.016115833
0.002001619,0.001157624,-0.011854826
-0.001194183,0.001157654,-0.001202237
-0.001194195,-0.00310337,-0.001202284
-0.001194206,-0.002038076,9.28E-04
-0.001194218,-9.73E-04,-1.37E-04
-0.005455283,0.003288302,-0.001202424
-0.003324768,0.002223069,-1.37E-04
-0.001194253,-0.002037955,-0.001202517
-0.002259531,0.0032884,9.28E-04
-0.031021656,0.041637916,9.28E-04
-0.027825875,0.036311623,-0.001202658
-0.00439009,0.004353747,9.28E-04
-0.007585895,0.01500642,-0.001202763
-0.00652064,0.003288544,-0.002268062
-0.003324861,0.003288575,-0.001202845
9.36E-04,0.002223341,9.28E-04
-0.004390148,0.009680216,-0.001202939
-0.00971648,0.013941309,-0.001202997
-0.002259647,0.003288703,0.001992746
-0.001194395,-0.003102848,9.27E-04
-0.001194404,-0.002037562,9.27E-04
-0.001194415,9.30E-05,9.27E-04
9.36E-04,0.003288817,-0.00120322
0.003066613,9.31E-05,0.001992513
-1.29E-04,-9.72E-04,9.27E-04
9.36E-04,0.003288908,9.27E-04
-0.001194476,-0.0041679,-1.38E-04
-1.29E-04,9.32E-05,9.27E-04
-1.29E-04,-0.002037319,-0.0012035
-1.29E-04,-9.72E-04,-1.38E-04
-0.001194519,-0.002037259,-0.001203594
9.36E-04,0.001158562,-1.38E-04
-1.29E-04,-0.002037198,0.001992103
-1.29E-04,-9.72E-04,-0.001203746
0.002001222,-0.00203713,0.001991998
-1.29E-04,-9.72E-04,-0.001203828
-0.002259855,0.003289248,9.27E-04
0.002001187,-0.00203704,9.27E-04
-0.001194615,0.002224045,9.27E-04
-1.29E-04,0.001158804,-0.001204015
-1.29E-04,-0.003102212,9.26E-04
9.36E-04,9.36E-05,-0.002269384
0.004131657,-9.72E-04,0.004122151
0.002001118,-9.72E-04,-1.39E-04
0.003066373,9.37E-05,-1.39E-04
0.006262152,-9.72E-04,-1.39E-04
-1.31E-04,0.002210181,-1.25E-04
-0.003327085,0.001144879,-0.001190158
0.001999248,-9.86E-04,-1.25E-04
-0.001196532,-0.003116243,9.40E-04
-0.001196517,7.95E-05,-0.002255258
0.003064552,7.95E-05,-0.003320462
-0.001196484,-0.004181631,9.41E-04
0.001999318,7.94E-05,9.41E-04
-0.002261718,7.93E-05,9.41E-04
-0.002261707,0.003275108,-1.24E-04
9.34E-04,7.93E-05,-0.001189622
0.003064641,7.92E-05,9.41E-04
-0.002261662,0.001144465,0.002006273
0.001999407,-0.002051364,-1.24E-04
-1.31E-04,0.001144378,-1.24E-04
-0.001196354,-0.003116705,9.41E-04
0.003064718,7.90E-05,0.002006526
-0.004392115,-0.002051518,0.002006571
9.34E-04,7.90E-05,-1.24E-04
9.34E-04,-0.002051596,9.41E-04
9.34E-04,0.003274683,-1.24E-04
-0.001196266,0.001144118,-0.001188981
9.34E-04,-0.003116975,-1.24E-04
0.004130081,-9.86E-04,9.42E-04
9.34E-04,-0.002051788,-1.24E-04
-0.003326734,-0.006312881,-0.002254007
-0.003326719,-9.87E-04,-1.23E-04
0.001999613,7.86E-05,-0.002253887
-0.00332669,-0.002051943,0.00307249
9.34E-04,-9.87E-04,-1.23E-04
9.34E-04,0.003274298,9.42E-04
-0.001196118,-0.002052058,0.002007405
9.34E-04,7.84E-05,9.42E-04
0.001999702,0.001143655,0.002007525
0.00306498,-0.006313228,0.003072848
-0.002261323,-0.004182739,-1.23E-04
-1.31E-04,-0.003117505,-0.001188102
-0.00119603,7.82E-05,-1.23E-04
0.001999776,-9.87E-04,-1.23E-04
-0.001196,7.82E-05,-0.001187908
9.35E-04,7.81E-05,-1.23E-04
-1.31E-04,0.001143347,9.43E-04
0.001999838,0.001143299,-0.001187715
9.35E-04,7.80E-05,-1.22E-04
9.35E-04,7.80E-05,-0.001187626
9.35E-04,-9.87E-04,-0.001187551
9.35E-04,0.001143164,9.43E-04
-0.003326405,-0.002052684,-1.22E-04
-1.31E-04,-9.87E-04,-0.001187387
-0.001195853,-9.87E-04,9.43E-04
9.35E-04,7.77E-05,-0.001187238
9.35E-04,-9.88E-04,0.002008597
0.003065249,7.76E-05,-0.002252382
-0.002261061,-9.88E-04,9.43E-04
-0.001195779,7.76E-05,9.44E-04
9.35E-04,7.75E-05,0.003074099
0.003065301,-0.006314066,0.00200888
0.004130583,0.00114273,9.44E-04
-1.30E-04,-0.002053089,-0.001186791
-0.001195705,-0.005248928,9.44E-04
-0.003326221,0.002207888,9.44E-04
-0.004391466,0.001142576,-0.002251861
-0.003326192,0.002207811,0.002009238
-0.004391437,0.001142499,-0.001186478
-1.30E-04,0.00114247,-0.001186434
9.35E-04,-0.002053378,9.44E-04
-0.00545666,-0.005249188,-0.001186314
-1.30E-04,7.71E-05,-0.002251548
-1.30E-04,7.71E-05,-0.002251548
-1.30E-04,7.71E-05,-0.002251548
-1.30E-04,7.71E-05,-0.002251548
-1.30E-04,7.71E-05,-0.002251548
-1.30E-04,7.71E-05,-0.002251548
-1.30E-04,7.71E-05,-0.002251548
-1.30E-04,7.71E-05,-0.002251548
-1.30E-04,7.71E-05,-0.002251548
-1.30E-04,7.71E-05,-0.002251548
-1.30E-04,7.71E-05,-0.002251548
