-1.8509674,-9.729553,-1.2783813
-1.7144928,-9.595474,-1.4292297
-1.2380371,-9.107056,-1.3813324
-1.2476196,-9.411118,-1.4172516
-1.2667694,-9.8133545,-1.3957062
-1.0489044,-9.715195,-1.3262787
-1.1327057,-10.100647,-0.94081116
-1.3601532,-10.519638,-0.36140442
-1.269165,-10.498093,-0.023834229
-0.7448425,-9.925873,0.10784912
-0.7256775,-9.918701,0.10067749
-1.0632629,-9.942642,-0.11959839
-1.0584717,-9.399155,-0.46195984
-1.300293,-9.743912,-0.4954834
-1.6737823,-9.8971405,-0.2776184
-1.5253448,-9.339294,-0.17944336
-0.9220123,-9.312958,-0.08847046
-1.2978973,-9.49971,-0.39492798
-1.2260742,-9.502106,-0.52900696
-1.082428,-9.389572,-0.6822357
-1.2164917,-9.097488,-1.2304993
-0.7855377,-8.961014,-1.0341797
-0.5437317,-8.84848,-1.0677032
-0.8190613,-9.059174,-1.0198212
-1.0177765,-9.181274,-1.1514893
-1.4223938,-11.264236,-0.51942444
-1.6809692,-11.7742,-0.3877411
-1.6809692,-11.7742,-0.3877411
-1.9443359,-11.213959,-0.10762024
-2.636261,-10.802155,-0.26324463
-3.2324066,-10.610626,-0.5601349
-3.2419891,-10.416687,-0.56970215
-3.0935516,-10.634567,-0.9001007
-2.763153,-10.933838,-0.6439209
-1.9994049,-10.809341,-0.4835205
-1.6570282,-11.388733,-0.5266113
-1.1279144,-11.644913,-0.473938
-0.5078125,-12.080658,-0.36140442
-0.45513916,-12.506821,-0.43562317
-1.0848083,-12.674423,-0.83306885
-1.755188,-12.494858,-1.0940399
-2.2244568,-11.927429,-1.0293884
-2.308258,-11.307327,-0.5960388
-1.7815247,-10.847641,0.2706604
-0.8813019,-10.443024,1.2115784
-0.07206726,-10.141357,1.5515594
0.4714203,-9.925873,1.1493378
0.74435425,-9.681671,0.3688202
0.78027344,-9.317749,-0.60801697
0.7132263,-8.94426,-1.6830139
0.5552063,-8.575546,-2.4874573
-0.08642578,-8.482178,-2.264801
-0.3928833,-8.712021,-1.4699249
-1.0417175,-9.686462,0.29699707
-1.6833649,-11.161285,1.779007
-2.2340393,-12.712723,2.1836243
-1.5636597,-13.933777,1.1732788
-0.43359375,-16.761322,0.11503601
0.0524292,-20.022232,-0.4092865
-0.9411621,-19.904907,-1.3190918
-1.6426697,-14.889053,-1.3334503
-1.2524109,-12.298538,-1.1467133
-0.11994934,-7.795044,-0.2321167
0.05003357,-6.7463837,0.14855957
0.27268982,-6.281906,0.2993927
0.46183777,-5.9275665,0.2131958
0.63900757,-5.5756073,0.03842163
0.75154114,-5.293091,-0.16508484
0.89279175,-4.9363556,-0.31352234
0.7778778,-4.8286285,-0.42366028
0.55999756,-4.8094635,-0.41407776
0.3948059,-4.783127,-0.34465027
-0.04573059,-4.7136993,-0.19621277
-0.76638794,-4.874115,0.13658142
-0.7615967,-4.673004,0.30178833
-1.0895996,-4.7543945,0.7878113
-1.5636597,-5.582794,1.2594604
-1.671402,-6.2388,1.9130859
-1.7887115,-7.0504456,2.8133087
-1.8294067,-7.5292816,3.352005
-2.0975647,-8.709625,4.577835
-2.5859833,-10.62738,6.1699677
-3.1198883,-11.661667,6.926544
-3.8022308,-12.272202,7.0510406
-4.154175,-12.432602,7.0701904
-4.4055786,-12.257828,7.1300507
-4.58992,-11.647308,7.0462494
-4.762314,-10.972137,6.4333344
-4.755127,-10.399933,5.5881805
-4.5085297,-9.772644,4.891464
-4.147003,-9.229172,3.9744873
-3.7495575,-10.009674,2.3895264
-2.6482239,-12.985672,0.32333374
-0.869339,-17.71901,-1.4459839
0.49536133,-22.461914,-2.781952
1.3309326,-23.98703,-3.8090668
1.5679626,-19.351852,-3.277542
2.9709625,-9.877991,0.45741272
4.462555,-2.6929932,3.521988
5.130539,-0.6507416,4.079834
5.865555,-0.39935303,3.3400269
6.634094,-1.953186,1.6784515
7.337982,-3.9236145,-0.6175842
6.5239563,-5.719269,-2.8011017
4.0100403,-8.575546,-3.976654
0.73716736,-12.135727,-4.6063232
-1.6737823,-14.570633,-4.4483185
-2.902008,-15.98082,-2.9471436
-4.0655975,-15.715057,-0.4260559
-4.0249023,-13.124527,1.1852417
-3.6130981,-11.503662,1.4294586
-3.0624237,-8.182892,0.21559143
-2.3537445,-6.653,-0.6941986
-1.1015778,-5.4535065,-1.5441437
-0.5078125,-5.2452087,-2.8202515
-0.22290039,-5.9706573,-3.7922974
-0.34500122,-7.5843506,-4.2280426
-0.9674988,-9.839691,-3.3421936
-1.640274,-11.21875,-1.0724945
-2.0592499,-10.952988,0.57232666
-1.6618195,-9.887573,1.3983307
-0.6777954,-8.6354065,1.6808472
0.002151489,-8.369644,1.0894775
0.23918152,-8.225998,0.7949829
0.03567505,-8.625824,-0.06213379
-0.3809204,-8.463028,-0.90249634
-0.97229004,-8.436691,-1.5345612
-1.2835388,-8.307404,-1.7380829
-1.3816986,-8.360077,-1.6446991
-1.4367676,-8.886795,-1.0820618
-1.2548065,-9.583511,0.03363037
-0.88848877,-10.115021,1.0080719
-0.6993561,-10.098267,1.2067871
-0.32824707,-10.01207,1.1756744
0.02609253,-9.708008,0.9027252
-0.2444458,-9.703217,0.6130371
-2.2268524,-9.655334,0.328125
-3.8213806,-10.385559,-0.011856079
-5.0687714,-10.543579,-0.42366028
-5.138199,-10.615402,-0.8857422
-4.9083557,-11.130157,-0.7588501
-4.4414825,-11.8220825,0.06236267
-3.8836365,-11.563507,0.39994812
-2.818222,-11.058334,1.0846863
-3.7974396,-11.9561615,1.1541138
-4.309799,-12.652878,1.0966644
-4.324173,-12.932999,0.8189392
-4.1876984,-12.94017,0.38079834
-4.0895386,-12.844406,0.05278015
-3.4048004,-12.547531,-0.94558716
-2.3944397,-12.791733,-1.1012115
-1.5421143,-13.184387,-0.8857422
1.8552704,-15.106934,0.58670044
4.163269,-16.895401,1.0272217
6.1217346,-18.226578,-0.03100586
7.3547516,-18.030258,-1.5345612
6.3946686,-16.2753,-2.5233765
3.866394,-14.364731,-2.9758759
1.031662,-13.313675,-2.664627
-1.2907104,-12.911453,-1.7332916
-2.9379272,-12.652878,-1.0126343
-3.3138123,-12.46373,-0.6439209
-3.0624237,-11.676041,0.34727478
-3.0624237,-11.676041,0.34727478
-2.6338654,-10.737518,0.838089
-1.4128265,-9.293808,0.1844635
-0.87890625,-8.309784,-0.849823
-0.6945648,-7.9075623,-1.3645782
-0.41204834,-7.332962,-2.2360687
0.24874878,-6.356125,-2.8417969
0.78504944,-5.400833,-2.331833
1.0819397,-4.637085,-1.4196472
1.431488,-3.9882507,-0.5649109
1.754715,-3.6004028,0.13658142
2.0348358,-3.3968964,0.6178131
2.2766418,-3.241272,0.8524475
2.3149567,-3.1095886,0.89315796
1.9534302,-3.0186005,0.6178131
1.4985352,-2.980301,0.11982727
0.85209656,-3.1454926,-0.36140442
0.442688,-3.4160461,-0.6822357
0.2008667,-3.744049,-0.6750488
0.08595276,-4.02417,-0.49069214
-0.4096527,-5.3984375,0.47177124
-0.6347046,-6.720047,1.6569061
-1.008194,-8.285843,3.4142456
-1.1590424,-10.217972,5.6121216
-1.0345306,-13.086227,8.013504
-2.2699432,-17.252136,10.472351
-5.3536835,-21.621552,12.584045
-7.194824,-22.01181,12.641495
-6.641754,-17.98236,11.104416
-5.2746735,-13.3519745,8.664734
-3.5987244,-9.459015,6.35672
-2.7679443,-7.95784,5.298477
-0.5509033,-6.578781,1.5970459
1.1202393,-9.731949,-1.8601837
3.2391205,-15.655197,-4.8601074
4.096237,-21.370163,-4.960678
4.3428345,-23.70691,-4.285507
1.8241425,-21.08046,-1.4268341
1.6709137,-15.633652,1.2331238
2.1353912,-2.5852509,5.0614624
2.4226837,-0.6052551,4.661621
3.0355988,-0.94044495,2.9473724
4.309326,-2.1519012,-0.58647156
5.954132,-3.9954376,-4.5201416
5.9325867,-6.3752747,-6.969406
4.1967926,-9.375214,-6.9909515
1.5512085,-12.5451355,-5.99736
-0.24923706,-14.508377,-3.5911865
-1.7671661,-15.05426,-0.0549469
-2.885254,-14.065445,2.7247162
-3.2419891,-12.181213,3.0144196
-2.9115906,-10.17009,2.1285553
-2.6530151,-8.733566,0.6561279
-1.7073059,-7.368866,-0.57688904
-1.1757965,-6.605118,-2.1043854
-0.6418915,-6.198105,-3.2655792
0.18411255,-5.9922028,-3.5959778
0.17692566,-7.1414185,-3.679779
-0.10798645,-8.644974,-2.350998
-0.49105835,-9.504501,-1.0724945
-0.80229187,-9.717575,-0.03340149
-0.8406067,-9.320145,0.40953064
-0.78074646,-9.289017,0.7135925
-0.9100342,-9.16452,0.65852356
-0.54133606,-8.494141,0.33769226
-0.86694336,-8.230789,-0.40690613
-1.166214,-7.9506683,-1.1131897
-1.5876007,-7.8213806,-1.4220428
-1.7527924,-7.7974396,-1.5608978
-1.8749084,-8.187683,-1.2520599
-1.8605347,-8.841309,-0.40690613
-1.5157776,-9.485352,0.18206787
-0.6658325,-9.590683,0.4981079
-0.16304016,-9.643356,0.9937134
-0.280365,-9.408737,0.98413086
-0.5437317,-9.26268,1.3791809
-1.3194427,-9.425491,1.5419769
-3.273117,-10.742294,1.403122
-4.482193,-11.168472,0.14855957
-5.1956635,-11.252258,-1.062912
-5.2842407,-11.604218,-1.3502197
-5.1884766,-12.537949,-0.47872925
-4.328964,-12.923416,0.97216797
-3.0480652,-12.30571,2.10701
-2.8804626,-12.341629,2.3560028
-3.91716,-13.399872,1.9825134
-4.8365326,-14.429367,1.7383118
-5.233963,-14.745407,1.2570648
-4.8532867,-13.68956,0.58670044
-3.6226654,-12.1141815,-0.16029358
-2.3106537,-11.479721,-1.0509338
-1.0369263,-12.509216,-1.3095093
0.39959717,-14.790894,-0.6654663
2.4490204,-16.809204,-0.12438965
4.8911133,-17.434097,-0.3973236
6.8806915,-17.2258,-1.0916443
7.1368713,-16.387833,-2.0684814
5.195175,-15.032715,-2.561676
2.5256348,-14.20192,-2.4299927
0.13623047,-13.835602,-1.6087952
-1.4104309,-13.234665,-1.280777
-1.9299622,-12.892288,-1.1491089
-1.9156036,-11.881943,-0.29916382
-1.6522369,-10.986511,0.34487915
-1.6881561,-9.901932,0.407135
-1.4487305,-8.625824,-0.00227356
-1.3409882,-7.720825,-0.65589905
-1.0800323,-6.8373566,-1.5393524
-1.027359,-6.368088,-2.185791
-0.5485077,-5.7623596,-2.4299927
-0.3928833,-5.661804,-2.4635162
0.48338318,-4.7496185,-1.6159668
0.75154114,-4.277954,-0.85461426
1.0675659,-3.890091,-0.10522461
1.6852722,-3.3897095,0.5771179
1.8456879,-3.2268982,0.6728821
1.8696289,-2.839035,0.39515686
1.778656,-2.688202,0.16770935
1.5081024,-2.4032898,-0.3973236
1.0723572,-2.3817444,-0.8785553
0.62464905,-2.8605804,-0.88334656
0.42591858,-3.222107,-0.7444763
-0.17262268,-4.321045,-0.1411438
-0.82624817,-5.7886963,0.6848602
-1.1542511,-8.197266,3.25383
-1.2260742,-10.3233185,6.0430756
-1.190155,-11.692795,7.3790436
-1.2931061,-15.31044,9.591293
-2.7918854,-20.218552,12.014221
-6.9625854,-22.765976,13.580032
-6.890747,-20.402908,12.763611
-4.8724365,-12.205154,8.336731
-4.0608063,-9.899536,6.986389
-1.5804138,-5.2045135,3.9002686
-0.82862854,-4.787918,2.6720428
1.7307587,-8.027283,-2.6454773
4.7450714,-13.80928,-5.877655
6.5239563,-20.474731,-6.01651
6.3635406,-27.195251,-3.6654053
4.4577637,-28.401932,-2.24086
1.3309326,-13.629715,6.0502625
0.33494568,-4.428787,6.246582
0.7132263,-0.4472351,4.510788
1.6685181,-1.0314178,2.4876862
3.3181152,-1.8622131,-1.6997681
4.711548,-3.020996,-6.315796
4.4362183,-4.6945496,-9.052368
2.4801483,-7.637024,-9.346848
0.97180176,-11.7430725,-7.079544
0.06201172,-14.881882,-3.3780975
-1.8437805,-15.918564,1.1541138
-3.5364838,-14.505981,4.498825
-3.771103,-13.246628,4.788513
-3.273117,-9.265076,2.949768
-2.9594727,-8.544418,1.9825134
-1.5756226,-7.1964874,-1.0413666
-0.65385437,-6.308243,-2.264801
-0.1822052,-5.8102417,-3.1099548
0.2008667,-5.748001,-3.557663
0.3229828,-6.490204,-3.0764313
-0.17501831,-8.249939,-1.8314514
-0.24923706,-9.418304,-0.7923584
-0.067276,-9.8133545,-0.15072632
0.36128235,-9.329727,0.33529663
0.3229828,-9.248322,1.0391998
0.03327942,-8.922714,1.3265076
-0.04093933,-8.367249,1.1086273
0.05482483,-7.7184296,0.28741455
-0.4288025,-7.965027,1.22E-04
-1.5828094,-8.29303,-0.9575653
-1.8365936,-8.443863,-1.2544403
-1.9419403,-8.616257,-1.0605164
-1.9275818,-9.545197,-0.26324463
-1.7599792,-9.796585,0.8596344
-1.1279144,-9.255508,1.2738342
-0.9339752,-9.564346,2.209961
-1.5349274,-10.215576,1.8125305
-1.7863159,-10.399933,0.94343567
-3.1174927,-11.6592865,1.024826
-3.6298523,-10.8237,-0.4092865
-4.3768463,-10.536392,-2.1762085
-6.1916504,-11.034393,-2.6790009
-6.9170837,-11.549149,-1.785965
-6.5196533,-11.656891,-1.0437622
-5.2674866,-12.092636,0.26586914
-3.7184296,-12.652878,0.625
-4.1086884,-14.292908,0.1509552
-3.704071,-14.872299,-0.06692505
-3.376068,-14.951309,0.002502441
-2.3393707,-13.438171,-0.84025574
-1.427185,-12.46373,-1.5848541
-0.59161377,-13.026367,-1.6446991
0.95744324,-15.331985,-0.20817566
4.1967926,-17.46762,1.9011078
7.9197845,-18.015884,1.3432617
10.620438,-17.453247,0.007293701
10.764084,-15.985596,-1.2281036
7.766556,-14.24263,-1.5608978
4.4338226,-13.007217,-1.5249939
1.5631714,-12.571472,-1.6087952
-1.0321503,-12.626541,-1.6877899
-3.2898712,-12.62175,-1.4842834
-4.798218,-12.430206,-0.99108887
-4.8556824,-11.984894,-0.08607483
-3.7232208,-11.2881775,0.6441498
-2.2268524,-10.182053,0.8189392
-1.221283,-9.16452,0.34487915
-0.3928833,-7.8692627,-0.7492676
-0.06248474,-7.325775,-1.4411926
0.30142212,-6.0233307,-2.7604065
0.5121155,-5.2954865,-2.8992615
0.9478607,-4.2683716,-2.7963104
1.0771484,-3.8517914,-2.5090027
1.2878418,-3.1047974,-1.1730499
1.4051514,-3.0138245,-0.6894226
1.8456879,-3.0473328,0.37121582
2.082718,-3.2268982,0.8332977
2.2718506,-3.3825226,1.1206055
2.2622833,-3.60997,1.0104675
2.178482,-3.756012,0.6609192
1.9917297,-3.7392578,0.31375122
1.6373901,-3.6506805,0.13179016
1.4410706,-3.7225037,0.19165039
1.1082764,-4.2875366,0.50289917
0.46902466,-5.4965973,1.1397552
-0.15586853,-7.2276154,2.1524963
-0.5149994,-9.044815,3.6656342
-0.36894226,-10.8237,5.5163574
0.004547119,-13.53154,7.534668
-0.88609314,-17.867447,10.556152
-2.588379,-20.565704,12.174637
-8.439804,-23.697327,13.9678955
-7.709564,-18.588104,12.165054
-5.454239,-12.710327,9.768463
-3.5388794,-8.010513,7.541855
-1.4439392,-3.9116364,3.2993317
-0.9339752,-3.969101,1.2714386
0.6485901,-6.435135,-3.3804932
3.5479584,-11.7742,-7.4219055
6.617325,-21.561691,-7.206436
6.938156,-24.85852,-5.671753
3.5527496,-26.486572,-0.4260559
2.0587769,-16.234604,7.0342865
0.79463196,-6.313034,8.760498
1.0412292,-0.73931885,5.909012
2.1090546,-0.9188843,3.4238281
3.9669495,-2.0058594,-0.69659424
5.0826416,-3.2939453,-5.463455
4.551132,-4.8789062,-8.635773
2.8656158,-7.1964874,-9.310928
1.8720245,-8.819763,-8.88237
-0.5676727,-15.121292,-2.8011017
-1.1183319,-15.719849,-0.5098572
-2.7224426,-15.432541,3.217926
-3.1031342,-13.634491,4.0534973
-2.933136,-11.357605,2.846817
-2.605133,-9.497314,1.134964
-1.5588684,-8.024887,-0.72772217
-0.50541687,-6.839752,-2.3964844
0.50971985,-5.9227753,-3.7324524
1.89357,-5.958679,-4.359726
2.2766418,-6.514145,-3.6821747
2.2215729,-8.015305,-2.5473175
0.84490967,-9.748703,-1.0437622
-0.01939392,-9.779831,0.20600891
0.1721344,-8.812576,0.49571228
0.030883789,-8.518082,0.67048645
-0.02178955,-8.290634,0.38319397
0.04524231,-8.130234,0.16291809
-0.44317627,-8.2044525,-0.2680359
-0.8621521,-8.079941,-0.7013855
-1.4535217,-8.314575,-0.8713684
-1.676178,-8.532455,-0.9072876
-1.9491272,-9.0903015,-0.81391907
-2.0113678,-9.437454,-0.0549469
-1.616333,-9.4207,0.5962677
-0.5389404,-8.76709,1.2355194
-0.5389404,-8.915527,1.1086273
-0.94355774,-9.269867,0.63697815
-0.9890442,-9.286621,0.30418396
-3.0696106,-10.5651245,0.15335083
-4.1924896,-11.355209,-1.2712097
-4.7838593,-11.69519,-1.4196472
-5.408737,-12.377533,-1.4483795
-5.4422607,-12.889893,-0.7444763
-3.3425446,-11.960953,0.21559143
-3.2779083,-12.284164,0.39276123
-4.4366913,-13.739838,0.5196533
-4.5085297,-14.800476,-0.06692505
-4.4654236,-15.229034,-0.23451233
-4.3265686,-15.267349,-0.56251526
-3.8668823,-14.49881,-0.5720978
-3.4335327,-13.962509,-0.5433655
-1.3745117,-13.699142,0.12461853
-0.43119812,-13.996017,0.5124817
2.185669,-14.728653,1.7861938
6.842392,-14.984833,1.7742157
8.005966,-14.764557,1.0535583
8.475235,-14.051086,-1.3430328
6.6484528,-13.57225,-2.3605652
4.0770874,-13.031158,-2.3222656
1.723587,-12.358383,-1.6590729
-0.7735748,-12.016022,-1.5776672
-1.992218,-12.04953,-1.5680847
-3.9506683,-12.2482605,-0.91207886
-3.593933,-11.965744,-0.3590088
-2.8996277,-11.09903,-0.12438965
-2.6745605,-10.730331,-0.09805298
-2.174179,-9.688858,-0.5840759
-1.834198,-8.690475,-1.6830139
-1.4056396,-8.237961,-1.9655304
-1.1039734,-7.7926483,-2.1522675
-0.36894226,-6.435135,-2.3294373
0.27748108,-5.30986,-1.8290558
0.8903961,-4.3138733,-1.201767
1.3644562,-3.6051788,-0.56251526
1.8049927,-3.1263428,-0.02861023
2.1952362,-2.8055267,0.19883728
2.4011383,-2.6786346,0.14376831
2.4490204,-2.676239,0.01687622
2.2311554,-2.6259613,-0.5601349
1.8648376,-2.6475067,-0.95996094
1.3476868,-2.882141,-1.1610718
0.8760376,-3.3418274,-1.0796661
0.605484,-4.040924,-0.67025757
0.30621338,-5.1446533,0.01687622
0.10510254,-6.55484,1.1253967
-0.3521881,-8.168533,2.9042816
-0.7544098,-9.911514,5.494812
-0.65145874,-10.86441,6.926544
0.006942749,-15.267349,10.611221
-0.45513916,-17.429306,11.659882
-6.905121,-23.438751,13.833817
-8.626556,-20.838654,12.6319275
-7.2115784,-15.513947,9.7948
-5.138199,-10.948196,7.2210236
-3.297058,-7.9554443,5.3703156
-1.9586945,-7.103119,2.9952545
-0.52456665,-9.255508,-1.3286743
2.3580475,-13.76857,-5.968628
5.092224,-19.485931,-7.4817657
6.356369,-24.872879,-6.3900146
4.81929,-24.662186,-5.573593
4.6349335,-13.375916,1.292984
4.6397247,-7.9362946,5.1452484
3.6796417,1.307724,7.3359528
2.8608246,0.26383972,5.561844
3.708374,-1.6347504,1.9298401
5.5447235,-3.5908203,-3.5002136
5.700348,-5.783905,-7.625412
4.438614,-8.453445,-9.066727
2.415512,-12.087845,-8.341278
0.39001465,-15.331985,-5.6310425
-1.4559174,-16.361496,-0.82588196
-3.0169373,-14.656815,4.0104065
-3.7232208,-11.982498,4.6424713
-3.4790192,-9.10466,3.0766602
-2.8517303,-7.423935,1.0368042
-1.8030701,-6.471039,-1.1299438
-0.6945648,-5.748001,-3.0333405
0.11708069,-5.360138,-4.244812
0.8042145,-5.9467163,-4.7499847
0.7682953,-7.8141937,-3.758789
0.23918152,-9.743912,-1.5824585
-0.522171,-10.455002,-0.023834229
-0.81427,-10.036011,0.97694397
-0.92440796,-9.291412,1.3456573
-0.43359375,-8.503723,1.4102936
-0.55329895,-8.577942,1.5036774
-0.28515625,-8.245148,0.6130371
-0.5940094,-8.360077,-0.38056946
-0.97468567,-8.240356,-1.3717651
-1.2978973,-8.012909,-1.6614685
-1.379303,-8.010513,-1.2831726
-1.4559174,-8.76709,-0.5050659
-1.4678802,-9.468582,0.34727478
-1.1207275,-9.631393,1.0080719
-0.48387146,-9.231552,1.316925
0.7132263,-8.941864,1.0918732
0.5623932,-9.77504,1.2091827
0.15298462,-10.148544,0.56993103
-1.8844757,-11.450989,0.36642456
-3.2204437,-11.113403,-0.88334656
-4.079956,-11.185226,-1.9894714
-4.6162567,-11.570694,-1.9846802
-4.1685486,-11.846024,-1.2233276
-2.8924408,-11.668854,-0.10282898
-1.9036255,-11.654495,0.8309021
-2.0640411,-12.095032,0.9290619
-3.486206,-13.268188,0.23234558
-3.929123,-13.68956,-0.22254944
-3.6944885,-14.223465,-0.29437256
-3.577179,-14.288116,-0.46435547
-3.3329773,-13.641678,-0.74687195
-3.256363,-13.167633,-0.85461426
-2.8708954,-12.391907,-0.2895813
-1.2308655,-12.40387,0.50289917
0.7491455,-13.488449,1.2115784
3.2391205,-14.381485,1.1230011
5.669235,-14.716675,0.30178833
7.337982,-14.656815,-0.5888519
7.6707764,-14.383881,-1.2304993
6.4257965,-13.742233,-1.3478241
4.1489105,-13.110168,-0.9001007
1.8121643,-12.643295,-0.849823
-1.5756226,-12.355988,-1.2352905
-2.19812,-12.157272,-0.9862976
-2.5476685,-11.63295,-0.5960388
-2.3250122,-10.39035,-0.10044861
-2.19812,-9.61702,0.25868225
-2.186142,-9.10228,0.05039978
-2.1167145,-8.884399,-0.33029175
-1.5564728,-8.376831,-1.4819031
-0.9794769,-7.830948,-2.2600098
-0.64668274,-7.5292816,-2.585617
0.23678589,-6.49498,-2.3725433
0.52648926,-6.1214905,-2.058899
1.1130676,-5.3074646,-1.1826172
1.8313293,-4.352173,0.07434082
2.0875092,-4.1247253,0.3688202
2.6022491,-3.7608032,0.82611084
2.8488617,-3.4687195,1.0966644
2.5902863,-3.325058,0.97216797
1.9701843,-3.2149353,0.6896515
1.2998047,-3.289154,0.30418396
0.89279175,-3.6985626,0.03363037
0.5647888,-4.3426056,0.02406311
0.3660736,-4.680176,0.14855957
-0.36177063,-5.8126373,1.190033
-0.8645477,-7.036072,2.6098022
-1.458313,-8.743149,4.5395203
-1.6019592,-9.748703,5.456497
-1.3960571,-12.260223,7.2569427
-2.0018005,-18.796402,12.119568
-5.9043427,-22.84259,14.681366
-7.661682,-20.465149,13.733261
-7.1086273,-17.766891,12.210541
-3.790268,-10.344864,6.92894
-2.5596466,-8.692871,5.3990326
-0.2947235,-7.411972,2.3943176
3.04039,-11.800537,-4.6470337
3.04039,-11.800537,-4.6470337
6.1815796,-20.867386,-6.562393
4.328476,-22.531357,-4.206497
3.1050415,-19.37819,-2.3366241
0.31340027,-7.4454803,5.36792
0.21284485,-1.9196625,5.7390137
0.60787964,-0.89494324,4.146866
1.3405151,-2.0369873,1.2666473
2.027649,-2.6714478,-0.5744934
3.8280792,-5.281128,-5.8369446
4.292557,-7.677719,-7.4171295
3.8783722,-10.615402,-7.0579987
2.4131165,-12.995239,-5.2551575
1.7116089,-13.82843,-3.6725922
-0.32585144,-14.347961,2.4613495
-1.379303,-12.885117,4.376709
-2.078415,-10.986511,3.3065033
-2.186142,-9.154938,1.7335205
-2.1693878,-8.623428,0.80696106
-1.3386078,-7.388031,-1.8577881
-0.8621521,-7.04805,-2.5975952
0.600708,-6.5524445,-3.9814453
0.8784332,-7.103119,-3.9670715
0.7467499,-8.240356,-2.4563293
0.53126526,-8.972992,-0.71813965
0.3564911,-9.128601,-0.07649231
0.15777588,-8.889191,0.56036377
-0.04093933,-8.814972,0.43585205
-0.50302124,-8.800598,0.20840454
-0.57484436,-8.577942,-0.04777527
-1.1614227,-8.774261,-0.37098694
-1.087204,-8.649765,-0.8354645
-1.0608673,-8.6354065,-1.1538849
-1.0153809,-8.570755,-1.2185364
-0.9603119,-8.482178,-0.7803955
-0.90286255,-8.700043,-0.3877411
-0.82385254,-9.071152,0.56036377
-0.82385254,-9.071152,0.56036377
-0.2659912,-9.028046,1.3265076
-0.48147583,-9.277054,1.5778961
-0.6371002,-9.557175,1.6616974
-0.91482544,-9.494919,0.94104004
-3.4431,-10.797363,-0.26564026
-4.8724365,-10.368805,-1.9032745
-5.9857483,-10.90271,-2.5999908
-6.5483856,-11.908279,-1.9439697
-5.4015656,-12.164459,-0.56251526
-3.3353577,-11.826874,0.6393738
-2.8349762,-11.922638,0.9889221
-3.2994537,-13.869125,0.88357544
-3.6921082,-15.214676,0.35923767
-3.8166046,-15.729416,-0.03340149
-3.869278,-15.382263,-0.5433655
-3.7016754,-14.50119,-0.9264374
-3.201294,-13.811661,-0.94558716
-1.858139,-13.713501,-0.6439209
0.006942749,-14.343185,0.17010498
3.0739136,-14.953705,1.5970459
6.1959534,-15.030319,1.5563507
8.41777,-14.386276,0.23953247
8.633255,-13.727875,-1.4244385
6.7537994,-13.107773,-2.9279938
3.9956818,-12.576263,-3.1793823
1.5057068,-12.238678,-2.5090027
-0.790329,-12.231491,-1.790741
-2.6865387,-12.5451355,-1.4699249
-3.2898712,-12.655273,-0.5170288
-2.5524597,-12.427826,0.07434082
-2.0855865,-11.903488,0.25151062
-1.3290253,-10.859619,-0.03819275
-0.98664856,-10.007278,-0.74687195
-0.80947876,-9.063965,-1.5034485
-0.70173645,-8.199661,-2.1450958
-0.59161377,-7.4574585,-2.0684814
-0.2659912,-6.49498,-1.7428589
0.23918152,-5.431961,-1.196991
0.64619446,-4.550888,-0.687027
1.0388489,-3.9212189,-0.08128357
1.383606,-3.5405426,0.3688202
1.7475281,-3.325058,0.4981079
1.917511,-3.265213,0.21798706
1.9127197,-3.179016,-0.25367737
1.7451324,-3.1047974,-0.81391907
1.3931885,-3.107193,-1.2281036
0.9813843,-3.0353699,-1.378952
0.81617737,-3.028183,-1.1634674
0.69647217,-3.3753357,-0.691803
0.55999756,-3.7129211,-0.34944153
0.19129944,-5.3433685,1.09906
0.13623047,-6.897217,2.5331879
0.09552002,-8.623428,4.7190857
0.49057007,-12.006439,8.712616
0.49057007,-12.006439,8.712616
-0.71850586,-18.86583,12.375748
-6.1677094,-25.308624,14.180969
-10.04631,-24.927948,13.244843
-9.414246,-18.98793,9.725357
-6.9721527,-11.87236,5.918579
-4.755127,-6.815811,3.3160858
-2.6147156,-4.3737183,0.13897705
-1.4511261,-4.7017365,-1.9750977
5.178421,-10.773422,-8.053986
9.897385,-17.089325,-9.4019165
10.218216,-23.206512,-6.521698
6.938156,-24.166595,0.028839111
4.256653,-14.965668,7.7549286
1.5200806,-6.214859,9.584106
0.3157959,-2.0226135,6.2154694
1.2279816,-2.1638794,2.774994
3.7921753,-2.688202,-1.4124603
6.0427246,-4.3114777,-7.3022003
6.00441,-5.127899,-8.305374
4.6540833,-7.2012787,-8.896744
2.2957916,-10.033615,-7.747528
0.22480774,-12.995239,-4.390854
-1.5085907,-15.056656,-0.34465027
-3.0744019,-15.339172,2.4062805
-3.5077515,-13.533936,2.4613495
-3.3688812,-11.187622,1.0703278
-3.3353577,-9.3081665,-0.08607483
-2.2986755,-7.3832397,-1.9104614
-1.6330872,-6.4375305,-2.939972
-0.74723816,-5.9682617,-3.533722
0.03327942,-6.487808,-3.679779
1.1489716,-7.5723724,-2.154663
1.0627899,-8.465408,-1.5321808
0.43789673,-10.074326,-0.5744934
0.47859192,-9.99292,0.12701416
-0.11276245,-9.904327,1.4749451
0.10510254,-8.745529,1.5491638
0.030883789,-8.7144165,1.3504486
0.09074402,-8.5013275,0.60824585
-0.16783142,-8.455841,-0.8163147
-0.35458374,-8.5563965,-1.1945953
-0.88609314,-8.774261,-1.4986572
-1.0967865,-8.814972,-1.378952
-1.3146515,-9.061569,-0.7420807
-1.2643738,-9.109451,-0.38056946
-0.7615967,-9.274658,0.4550171
-0.4718933,-9.456619,0.7303467
0.10749817,-9.669693,2.0375824
-0.05052185,-10.074326,2.8204803
-0.39767456,-9.727158,2.5666962
-3.1653748,-10.737518,0.94821167
-3.9626465,-10.591461,0.23234558
-4.9035645,-10.490906,-1.359787
-5.6553497,-11.118195,-1.888916
-5.3656464,-11.491684,-1.0269928
-3.9913788,-11.7742,0.40953064
-2.61232,-11.755051,1.996872
-2.3058624,-12.078262,2.6217651
-2.8684998,-13.296921,2.312912
-3.256363,-14.625702,1.8484344
-3.1653748,-14.944122,1.3600159
-2.8637085,-14.161224,0.71836853
-2.2029114,-12.880325,-0.12199402
-1.6737823,-12.619354,-0.7205353
-0.9986267,-13.993622,-0.65589905
-0.26361084,-14.814835,-0.5433655
2.05159,-16.081375,-0.7037811
4.637329,-16.67752,-1.4292297
7.5654297,-16.509933,-2.3007202
6.5239563,-15.650421,-2.5521088
3.4210663,-14.49881,-2.2743835
0.47621155,-13.82843,-1.6830139
-0.5868225,-13.67041,-1.3526154
-2.253189,-13.172409,-1.1131897
-2.3058624,-12.822861,-0.5050659
-1.5756226,-12.209946,0.18925476
-0.5676727,-9.937851,0.3975525
-0.5676727,-9.937851,0.3975525
-0.25402832,-8.898758,-0.37338257
-0.1534729,-8.024887,-1.3717651
-0.26838684,-7.5556183,-2.295929
-0.19177246,-7.1773376,-2.5233765
0.27748108,-6.2052917,-2.688568
1.0220795,-4.565262,-2.4635162
1.4219208,-3.7655945,-1.5273895
1.6852722,-3.3035126,-0.6606903
1.8217468,-3.1933746,0.014480591
2.0300446,-3.1814117,0.46458435
2.293396,-3.131134,0.67767334
2.2598877,-3.1095886,0.5196533
2.0851135,-3.0162048,0.17010498
1.8193512,-2.9228363,-0.32070923
1.3716431,-2.9515686,-0.7229309
1.1394043,-3.1718292,-0.710968
1.0244751,-3.6051788,-0.49308777
0.8832245,-4.510193,0.0647583
0.521698,-5.8724976,0.8404846
0.19607544,-7.4023895,2.0040588
0.22480774,-8.896378,4.0295563
0.48098755,-10.830887,6.459671
0.19129944,-13.914612,8.683884
-2.2675476,-18.755692,11.33905
-4.597107,-21.626343,12.931198
-9.043137,-23.259186,14.154633
-6.857239,-17.79802,10.927246
-3.941101,-12.130936,7.8219757
-1.6306915,-7.933899,5.403824
-0.73765564,-6.566818,4.4246063
1.3668518,-6.952286,0.48614502
3.5671234,-11.25705,-3.964676
6.1097565,-17.517899,-6.5767517
7.091385,-23.824219,-5.5568237
4.364395,-26.474594,-5.0468597
1.8792114,-17.898575,-2.0134125
1.6302032,-12.619354,1.6808472
1.862442,-0.8374939,6.521927
2.2503052,1.3484192,4.857956
2.5711365,-0.025848389,3.1484833
4.055542,-1.6419373,-0.18663025
4.8049164,-2.4559631,-2.434784
4.50325,-5.209305,-7.6302032
2.6549225,-8.221207,-8.027649
1.4243011,-10.179657,-7.534439
-1.0249634,-15.686325,-4.1945343
-1.592392,-16.529083,-2.312683
-3.569992,-15.008774,2.9928741
-3.5269012,-12.025589,3.0551147
-3.0576324,-9.042419,1.984909
-2.3393707,-7.4885864,0.6968231
-1.8485718,-6.9642487,-0.0549469
-0.44078064,-5.941925,-2.6071777
0.5336609,-5.8174286,-3.825821
1.007721,-6.439926,-4.2831116
1.3644562,-7.8165894,-2.8920746
1.1010895,-9.150162,-1.4364014
-0.07685852,-10.253876,-0.12678528
-0.6059723,-10.045593,0.7806244
-0.37852478,-9.298599,1.1182098
-0.27557373,-9.020874,1.3073425
0.19369507,-8.771866,1.0439911
0.6126709,-8.29303,0.45262146
0.5695801,-8.120651,-0.5553436
0.51930237,-7.732788,-1.0006561
0.01651001,-8.146988,-1.0653076
-0.26838684,-8.386398,-0.8306732
-0.8980713,-8.90834,0.04081726
-0.9794769,-9.195648,0.26586914
-1.1159363,-9.305786,0.65852356
-1.1183319,-9.516464,0.9793396
-1.3314209,-9.727158,1.1972198
-1.3625488,-9.729553,1.6497192
-2.2627563,-10.581894,1.3791809
-3.5867615,-10.517242,0.009689331
-4.8054047,-10.806946,-1.2568359
-5.9905396,-11.362396,-1.2855682
-5.6074677,-11.642517,-0.59843445
-4.8317413,-11.630554,-0.019042969
-3.0145416,-11.869965,2.1094055
-3.0887604,-12.6026,2.7725983
-3.6107025,-14.046295,2.221939
-3.608307,-15.748581,1.0679321
-3.0336914,-16.581757,0.11264038
-2.0999603,-15.655197,-0.4045105
-1.2763519,-14.12291,-1.1131897
-0.6251221,-13.744629,-1.5154114
1.7116089,-16.239395,0.47895813
3.19841,-17.031876,1.2451019
6.617325,-17.522675,1.3552399
9.250961,-16.991165,0.08151245
8.875061,-14.891449,-1.7165222
7.3236237,-14.144455,-1.7524414
4.0339813,-13.038345,-1.1131897
1.4362793,-12.576263,-0.71813965
-0.8118744,-12.456543,-1.0198212
-2.550064,-12.205154,-1.1898041
-3.8764496,-11.874756,-1.2281036
-4.3265686,-11.400711,-0.54096985
-3.5652008,-10.318527,0.7111969
-2.6889343,-9.528442,0.69921875
-2.19812,-9.030441,0.43824768
-1.6043549,-8.228394,-0.5553436
-0.3713379,-7.273102,-2.1714325
-0.04093933,-7.115082,-2.5281677
0.6509857,-6.301056,-3.5480957
1.2878418,-4.9076233,-2.8441925
1.7116089,-4.007416,-1.8529968
1.89357,-3.4328003,-0.93362427
1.9749756,-3.2149353,-0.52900696
2.2072144,-2.8414307,0.028839111
2.3532562,-2.5397644,0.5196533
2.2838287,-2.1519012,0.78302
2.2838287,-2.1519012,0.78302
1.9103241,-2.087265,0.29699707
1.620636,-2.1399384,-0.16268921
1.4338837,-2.3218994,-0.25605774
1.2207947,-2.8773499,0.04081726
0.739563,-4.107971,0.6034546
0.45465088,-5.9036255,1.5036774
0.23678589,-8.03685,3.0455322
0.09791565,-10.100647,5.3080597
1.007721,-13.78772,9.205826
1.1824951,-15.681534,10.44841
-1.3218384,-21.049332,13.03894
-7.1732635,-24.97583,15.342163
-9.495651,-22.160248,14.087601
-6.5842896,-12.8372345,8.743744
-4.7814636,-7.5364685,5.4541016
-2.8325806,-4.048111,1.3935394
-1.7073059,-3.8374176,-0.8282776
1.857666,-7.083954,-5.4562683
8.6236725,-19.129196,-10.452972
9.97879,-23.498611,-9.076309
6.4664917,-32.82402,-4.3501434
3.5838776,-20.496277,2.5954285
2.858429,-6.705673,9.270462
2.0324402,1.6788177,7.1563873
2.233551,2.7777557,4.7765503
3.6509094,0.66607666,1.644928
4.8671722,-0.28681946,-0.9958801
6.454529,-3.3466034,-8.446625
5.1089783,-5.6665955,-10.084259
2.8799896,-10.4023285,-8.683655
1.3141785,-15.209885,-5.949478
0.5528259,-16.938492,-4.050873
-1.5277405,-17.699844,1.2762299
-3.7639313,-15.456482,4.8363953
-4.0057373,-11.264236,4.0582886
-3.3784637,-7.5292816,1.4198761
-2.2244568,-6.408798,-1.0724945
-1.4966125,-5.9275665,-2.374939
-0.17980957,-5.2045135,-4.2902985
1.4434662,-5.297882,-4.9582825
1.9773712,-6.3226013,-3.8090668
1.5057068,-8.434296,-1.833847
0.44029236,-10.01207,-0.14353943
-0.11515808,-10.074326,0.6633148
-0.44078064,-9.55957,1.4222717
-0.05770874,-8.946655,1.6640778
0.06918335,-8.831726,1.7311249
0.6916809,-8.410355,0.9601898
0.6318207,-8.508514,0.6154175
0.12904358,-8.542023,-0.9719238
-0.45513916,-8.4319,-1.3549957
-1.0536957,-8.51091,-1.3717651
-1.2907104,-8.867645,-0.5553436
-1.2667694,-8.994537,0.43107605
-1.1925507,-8.879608,1.0583496
-0.31866455,-8.163742,1.8149261
-0.49583435,-9.284225,2.0423737
-1.0225677,-9.760681,1.1613007
-2.162201,-10.577103,0.47895813
-4.204468,-11.558716,-0.5314026
-5.8827972,-11.403107,-2.192978
-6.395157,-11.702377,-2.1115723
-6.4693756,-12.360779,-1.1299438
-4.786255,-12.549927,0.55078125
-3.510147,-12.707947,1.6952057
-3.7567444,-13.426193,1.5539551
-4.2475586,-14.2330475,0.6561279
-4.285858,-14.939331,0.20123291
-3.8357544,-15.961655,-0.37338257
-2.9786224,-15.671967,-0.710968
-1.7432251,-14.187561,-1.3549957
-2.44E-04,-14.539505,-0.90489197
1.086731,-15.262558,-0.08128357
4.4266357,-16.478806,1.8795624
6.4186096,-16.663162,2.202774
11.147156,-16.031097,0.86203
12.631561,-14.860321,-0.1124115
10.120056,-13.814056,-1.2472687
6.1959534,-12.983276,-1.4220428
4.4697266,-12.695969,-1.4747162
0.21763611,-12.178818,-1.9367981
-1.9970093,-12.023193,-1.8434143
-3.6466064,-11.893906,-1.4579468
-4.3074036,-11.668854,-0.7444763
-4.147003,-11.309723,0.16052246
-3.3138123,-10.440628,0.30418396
-2.5907745,-9.698425,-0.09086609
-1.5708313,-8.62822,-1.3765564
-1.027359,-8.060791,-2.3581696
-0.36894226,-7.2252197,-2.8489838
0.32536316,-6.2076874,-2.9782715
0.9454651,-5.075226,-2.4802856
1.4913483,-3.9714966,-1.7237091
1.8337097,-3.210144,-0.928833
2.2479095,-2.8079224,-0.25605774
2.6597137,-2.5637054,0.22038269
2.8033752,-2.432022,0.56993103
2.4729614,-2.3961182,0.62260437
2.2263641,-2.3745575,0.46458435
1.6134491,-2.3075256,0.05039978
1.0292664,-2.3410492,-0.4092865
0.78027344,-2.5684967,-0.5026703
0.48338318,-3.1119843,-0.2776184
0.0811615,-4.1175385,0.24671936
-0.16065979,-5.582794,1.2977753
-0.32824707,-7.4694214,3.0383606
-0.22769165,-9.554779,5.561844
0.4642334,-12.118973,8.2960205
-0.08404541,-16.794846,11.18103
-4.1446075,-23.093994,14.870499
-8.102219,-25.421158,16.007751
-7.012863,-20.278412,13.125122
-4.8078003,-13.507599,9.349472
-2.9115906,-7.95784,6.1364594
-1.1470642,-4.7663727,3.150879
0.71562195,-4.905243,-0.8881378
3.605423,-8.965805,-5.750763
7.3786926,-16.09813,-9.634155
9.294052,-24.027725,-7.8720245
6.258209,-31.157654,-4.1945343
1.5679626,-23.977448,1.0104675
1.9941254,-4.3856964,7.8339386
2.5328217,1.9134521,6.653595
2.9350433,2.1744232,5.597763
4.201584,0.7307129,1.486908
5.2286987,-0.7872162,-3.6438599
4.7498474,-2.9300232,-7.982147
3.1146088,-6.0424805,-9.859207
1.6972504,-10.668076,-9.286987
1.2878418,-12.983276,-8.343674
-0.6442871,-17.106094,-1.6399078
-2.4447174,-15.497192,4.14209
-2.4399261,-14.154037,4.1301117
-1.9419403,-11.352829,3.0575104
-1.7503967,-9.377609,1.7718201
-1.3409882,-7.9434814,0.10784912
-0.5078125,-6.9043884,-1.6638489
0.34213257,-5.965866,-3.3469849
1.0196838,-5.4846344,-4.2112885
1.3764191,-5.8293915,-4.2184753
1.3931885,-7.294647,-3.0692444
1.2471313,-8.221207,-2.0397491
0.03807068,-9.875595,-0.07411194
-0.17501831,-9.36084,0.33052063
-0.6442871,-9.126221,0.6848602
-0.40725708,-8.54921,0.56036377
-0.15107727,-8.328949,0.45262146
0.07876587,-8.33374,0.07194519
-0.02178955,-8.252335,-0.20339966
-0.359375,-8.168533,-0.41168213
-0.85975647,-8.407959,-0.56251526
-1.2619934,-9.018478,-0.48590088
-1.3936615,-9.348877,-0.33746338
-1.5684509,-9.157333,0.8907623
-1.2140961,-8.577942,1.2905884
-0.5868225,-8.5013275,1.2331238
-1.1039734,-10.0312195,1.0415955
-1.3745117,-10.237122,0.89315796
-2.4040222,-10.984116,0.94821167
-3.6466064,-11.391129,0.19883728
-4.791046,-11.400711,-0.8594055
-5.791809,-11.295364,-1.4507751
-5.6673126,-11.546753,-1.1371307
-4.261917,-12.023193,0.014480591
-3.0552368,-12.056717,1.1852417
-2.8373718,-12.315292,1.6209869
-3.5292969,-13.514786,1.4964905
-3.6035156,-14.601761,1.2834015
-3.2515717,-15.200302,0.9386444
-2.5668335,-14.537109,0.38079834
-1.700119,-13.237061,-0.5433655
-0.8549652,-12.485275,-1.3813324
0.08834839,-13.665619,-1.3214874
2.178482,-15.932922,0.4885254
5.458542,-17.321564,1.6832428
8.539871,-17.40297,0.79737854
10.718597,-16.581757,-0.8163147
10.153564,-15.284103,-2.434784
8.590149,-14.656815,-2.8346252
3.7299194,-13.093399,-2.4204254
1.1322174,-12.68161,-1.8960876
-0.8406067,-12.576263,-1.3478241
-2.0760193,-12.36557,-0.8881378
-2.7128754,-11.879547,-0.5266113
-2.8038483,-11.2881775,0.19404602
-2.210083,-10.313736,0.57951355
-1.561264,-9.284225,0.46697998
-0.96510315,-8.13501,-0.6008301
-0.7831421,-7.455063,-1.8434143
-0.12713623,-6.466263,-2.7364502
0.12185669,-5.870102,-3.3350067
0.65338135,-4.886078,-3.2655792
0.99334717,-4.040924,-2.6287231
1.2279816,-3.5022278,-1.6446991
1.3788147,-3.2915497,-1.1993866
1.9606171,-3.0162048,-0.15789795
2.3293152,-2.949173,0.2993927
2.5232544,-2.8079224,0.62979126
2.3771973,-2.7959442,0.6058502
2.0180664,-2.783966,0.32333374
1.5583801,-2.8893127,-0.023834229
1.2639008,-3.210144,-0.1124115
1.0891266,-3.8829193,-0.00227356
0.67492676,-5.0393066,0.37361145
0.22003174,-6.605118,1.0870819
-0.09121704,-8.113464,2.2746124
-0.20375061,-9.394363,4.0271606
0.22720337,-10.783005,6.392639
0.92152405,-12.913849,8.659943
0.81378174,-16.469238,11.396515
-2.2077026,-20.965546,14.109146
-5.3584595,-21.4803,14.726852
-5.415924,-17.984756,12.610382
-4.0967255,-13.921799,9.438065
-2.4662628,-10.531616,6.6320496
-0.9339752,-8.913132,3.842804
0.87124634,-10.675262,-1.2089539
3.6988068,-15.485214,-7.098694
6.986038,-20.395721,-8.578308
7.982025,-24.200104,-6.9789886
5.3938904,-21.221725,-5.3461304
4.8911133,-10.000092,0.49331665
3.77063,-1.3258972,5.518753
3.2822113,2.885498,6.6559906
2.7219696,1.8152924,4.9680786
3.3612213,-0.13598633,0.7135925
3.6676788,-2.7863617,-4.3812714
3.380371,-6.617096,-7.752304
2.4849396,-11.716736,-8.291
1.170517,-15.928146,-7.8241425
-0.24923706,-17.175522,-4.759552
-2.1765747,-16.095734,-0.16508484
-2.5165405,-13.888275,3.4381866
-1.858139,-11.345642,3.9720917
-1.5588684,-9.468582,2.9378052
-1.5014038,-8.774261,2.2626343
-1.3386078,-7.218033,-0.40690613
-0.94355774,-6.439926,-2.355774
-0.42401123,-6.0065765,-3.7204742
0.1673584,-6.150223,-4.1873474
0.41874695,-6.992981,-3.679779
0.5719757,-8.266693,-1.9774933
0.46662903,-9.059174,-0.52900696
0.11708069,-9.384781,0.6321869
0.02609253,-9.296204,0.6848602
0.17453003,-8.934677,0.74949646
0.3373413,-8.7982025,0.7399292
0.44987488,-8.525269,0.5364227
0.40437317,-8.190079,-0.18183899
0.3732605,-7.763916,-1.0772705
0.39241028,-7.490967,-1.517807
0.03807068,-7.8884125,-1.6135712
-0.2612152,-8.7982025,-1.4411926
-0.31626892,-9.346481,-0.84025574
-0.4790802,-9.485352,-0.08607483
-0.5293579,-9.257889,0.5843048
-0.21810913,-8.656952,1.3695984
-0.02658081,-9.238739,1.7861938
-0.46951294,-9.901932,1.3265076
-0.65625,-10.167694,0.47177124
-2.1358643,-11.534775,-0.15789795
-2.8277893,-11.93222,-0.55773926
-3.9698334,-12.499649,-1.0461578
-3.6059113,-12.1141815,-0.41886902
-3.376068,-12.760605,0.4981079
-3.4024048,-13.464508,1.3863525
-3.569992,-14.0199585,1.6616974
-3.1749573,-13.952927,1.3025665
-3.3353577,-14.972855,0.5052948
-3.6466064,-15.595352,0.11982727
-3.8596954,-14.996796,0.13897705
-3.771103,-14.206711,0.07194519
-2.684143,-12.585831,-0.31591797
-1.2404327,-13.01918,-0.1986084
0.8066101,-14.405426,0.52204895
3.8137207,-15.229034,0.92427063
7.0339203,-15.221848,0.6824646
9.179123,-14.910599,-0.07649231
9.516708,-14.64006,-0.66786194
4.359604,-13.043121,-1.8865204
2.8608246,-12.662445,-1.948761
0.21044922,-12.382324,-1.9344025
-1.676178,-12.430206,-1.4866791
-2.8110352,-12.518799,-1.0581207
-3.2946625,-12.389511,-0.56251526
-2.8996277,-11.915466,-0.007064819
-2.3609314,-11.314514,0.17489624
-1.2619934,-9.844467,-0.8665924
-0.8477936,-9.32254,-2.0493164
-0.56288147,-8.917923,-2.458725
-0.19177246,-8.228394,-2.8513794
0.45944214,-7.1342316,-2.640686
1.0939026,-5.906006,-2.0732574
1.807373,-4.127121,-1.0222168
1.9773712,-3.6363068,-0.7037811
2.1832733,-3.004242,-0.10044861
2.3748016,-2.7097473,0.31614685
2.5136719,-2.6642609,0.45262146
2.4250793,-2.77919,0.20123291
2.1904602,-2.8917084,-0.19621277
1.7475281,-2.901291,-0.7301178
1.4793701,-2.8988953,-0.99108887
0.8903961,-2.9132538,-1.2879639
0.70365906,-3.2676086,-1.0030518
0.57676697,-3.6746216,-0.7492676
0.2511444,-4.7975006,-0.0501709
-0.28515625,-7.273102,1.905899
-0.25881958,-8.975372,4.285736
0.4857788,-10.72554,7.2162323
1.2710724,-13.782944,9.416504
0.8880005,-18.518661,11.272018
-0.76638794,-21.49945,12.665436
-6.54599,-22.950333,14.190552
-6.7303467,-20.271225,13.070068
-4.364868,-11.575485,8.178711
-3.4143677,-9.459015,6.8523254
-1.4774628,-7.1174774,4.8316193
1.0627899,-11.192413,-0.7995453
2.2910156,-14.237839,-4.000595
6.6867676,-23.948715,-7.060379
7.029129,-26.9319,-6.0141144
3.4761353,-28.349258,-5.8034363
1.5631714,-16.983978,-4.7044983
3.2965698,-4.3928833,2.300949
4.3141174,5.5646057,5.5714264
4.2039795,5.418564,5.320038
5.80809,1.9302063,1.9897003
7.096176,-0.7369385,-3.2823334
6.8016815,-2.3889313,-5.810608
4.0579376,-9.042419,-8.042007
2.7099915,-12.159668,-7.718796
-1.0752411,-19.203415,-5.99736
-1.9658813,-20.079681,-3.6534424
-3.4335327,-18.533035,2.142929
-3.1007385,-11.994461,4.008011
-2.61232,-8.903549,2.4685364
-2.3465576,-8.005722,1.7718201
-1.458313,-6.660187,0.028839111
-0.5437317,-5.771942,-1.9559479
0.41635132,-5.1925354,-3.6893463
1.5081024,-5.7312317,-5.020523
1.8002014,-6.368088,-4.4722595
1.5464172,-9.08551,-1.4771118
0.3780365,-10.517242,0.26107788
-0.20135498,-10.356827,1.3839569
-0.11276245,-9.490128,1.6401367
-0.06967163,-9.142975,1.7383118
0.30142212,-8.843704,1.3815765
0.65815735,-8.544418,0.7399292
0.34692383,-8.652161,-0.24169922
0.27268982,-8.240356,-1.304718
0.08834839,-7.9315033,-1.9511566
-0.4000702,-7.9746094,-1.8146973
-0.6251221,-8.573151,-0.9982605
-0.4862671,-9.6002655,0.02166748
-0.15586853,-10.119812,0.8452606
0.35888672,-9.545197,1.7167511
1.0148926,-8.561188,2.628952
1.2303772,-8.17572,2.652893
-0.65625,-9.75589,2.1285553
-2.3561401,-10.186844,1.09906
-3.9889832,-10.92186,-0.8067322
-5.624222,-11.7430725,-2.6430817
-6.0863037,-11.702377,-2.664627
-6.589081,-12.760605,-0.9791107
-4.498947,-12.492462,0.5172577
-1.9275818,-11.594635,1.4677582
-1.379303,-11.790955,1.5419769
-2.4327545,-12.87793,1.1493378
-3.5029602,-14.0989685,0.72076416
-3.4095917,-14.489227,0.57951355
-3.036087,-14.740616,0.41430664
-2.7607574,-14.412613,-0.11001587
-2.3968353,-13.677597,-0.4954834
-1.8150482,-13.395081,-0.73490906
-0.8430023,-14.125305,-0.7779999
1.1609497,-15.478027,-0.52182007
4.3188934,-16.253754,-0.27282715
7.76416,-16.237,-0.32789612
10.558182,-15.590561,-0.710968
10.759308,-14.410217,-1.1514893
7.728241,-13.284943,-1.4986572
4.527191,-12.581055,-1.5297852
2.1282043,-12.224304,-1.4699249
0.4139557,-11.836456,-1.3885193
-0.79512024,-11.386337,-1.2113495
-1.640274,-10.806946,-0.7995453
-2.13826,-10.028824,-0.07649231
-2.0592499,-9.001709,0.35923767
-1.968277,-8.68808,0.13897705
-2.0137634,-8.563583,-0.22015381
-1.6618195,-7.8453217,-2.075653
-1.5014038,-7.6346283,-2.7316742
-0.84539795,-6.906784,-3.157837
-0.280365,-6.0424805,-3.0979767
0.27508545,-5.0225525,-2.4036713
0.818573,-4.189377,-1.5130157
0.818573,-4.189377,-1.5130157
1.6541443,-3.5166016,-0.42366028
2.4777527,-3.2867584,0.34727478
2.7291412,-3.2819672,0.5364227
2.6070404,-3.4064636,0.45022583
2.1210175,-3.5166016,0.11264038
1.5751495,-3.6195526,-0.39253235
1.1800995,-3.8470001,-0.72532654
1.1226349,-4.16304,-0.5888519
1.0723572,-4.747223,-0.16508484
0.9454651,-5.7336273,0.48135376
0.8760376,-6.930725,1.3983307
0.8281555,-8.257126,2.640915
1.0651855,-9.609848,4.376709
1.8983612,-12.619354,7.831543
1.9127197,-14.237839,9.193848
-0.3234558,-18.913712,12.34462
-4.7694855,-22.806686,14.827408
-7.6401367,-21.963928,14.451523
-6.94104,-17.213821,11.767624
-5.0543976,-12.303314,8.987946
-3.3305817,-8.39119,6.1580048
-2.1119232,-6.585968,3.3591766
-1.5229492,-6.937912,1.5826874
1.6134491,-12.710327,-6.265518
4.728302,-18.834702,-9.0260315
5.6189423,-24.99498,-7.060379
3.1601105,-26.115463,-6.3134003
4.9270325,-8.92749,2.2315063
5.451355,0.39312744,6.8571014
5.7386627,3.5965729,8.013504
5.49205,2.6987457,7.541855
6.215103,0.28300476,3.6943665
7.0027924,-2.2213287,-2.7053375
5.80809,-5.056076,-7.462616
4.4888916,-8.60907,-8.587891
2.470581,-12.827652,-8.872803
0.03807068,-16.3591,-6.794632
-1.8246307,-17.668732,-0.86180115
-2.4925995,-16.186722,3.861969
-2.083191,-11.836456,2.5643005
-1.9060211,-10.617798,1.7119751
-1.6546326,-7.9602356,-0.2823944
-1.4846497,-7.3545074,-1.1275482
-1.0513,-6.4303436,-2.6694183
-0.50302124,-5.72406,-4.043686
0.1673584,-5.5373077,-4.493805
0.442688,-6.538086,-4.2400208
1.0148926,-8.314575,-2.4419708
0.72520447,-9.935455,-0.7875824
0.20805359,-10.416687,0.6034546
0.07876587,-9.69603,1.4701538
-0.4503479,-9.169312,1.9825134
0.01651001,-8.482178,1.5970459
0.37086487,-8.020096,0.9601898
0.38282776,-7.9913635,0.43824768
0.35169983,-7.874054,-0.6463165
0.4355011,-7.6825104,-1.6063995
-0.06010437,-8.316971,-1.9176483
-0.4168396,-8.913132,-1.007843
-0.57484436,-9.317749,-0.3685913
-0.517395,-9.250717,0.30418396
-0.359375,-8.630615,0.3496704
-0.22769165,-8.103897,0.4262848
-0.1822052,-7.9674225,0.8309021
-0.45993042,-8.388794,1.2307281
-1.0489044,-8.996933,1.2259521
-1.7073059,-10.081497,0.5172577
-3.9602509,-11.676041,-1.5585175
-5.289032,-12.186005,-1.92482
-6.234741,-12.971298,-1.1754456
-5.739151,-13.33522,-0.10282898
-3.376068,-11.922638,0.8524475
-2.5381012,-11.702377,1.075119
-2.6697693,-13.143692,0.4885254
-2.6697693,-13.143692,0.4885254
-3.0552368,-14.618515,-0.6654663
-2.976242,-14.781326,-1.1706543
-3.0648193,-14.783707,-1.5920258
-3.000183,-14.769348,-1.5082397
-1.9203949,-14.671188,-1.0461578
-1.1087646,-14.709488,-0.77560425
2.3939667,-14.963272,0.84765625
6.373123,-14.434158,2.0734863
10.39299,-13.65126,1.6521149
12.736908,-12.925812,0.29460144
11.566147,-12.499649,-1.4747162
8.37468,-12.145309,-2.4970398
5.1832123,-11.7742,-2.312683
2.779419,-11.707169,-1.4028931
0.9119415,-11.762238,-0.8713684
0.04763794,-11.843628,-0.81152344
-1.9778595,-12.439789,-0.28001404
-2.2603607,-12.26741,-0.2895813
-2.3489532,-11.613785,-0.27522278
-1.9012451,-10.6441345,-0.38294983
-1.6426697,-10.105438,-0.6750488
-1.348175,-8.980164,-1.4747162
-0.6418915,-8.089523,-1.7261047
-0.31149292,-7.562805,-1.8673553
0.229599,-6.7774963,-1.8434143
0.739563,-6.0017853,-1.5345612
1.2998047,-5.285919,-1.2281036
1.802597,-4.699341,-0.8977051
2.2503052,-4.2396545,-0.53619385
2.8057556,-3.7775726,-0.09565735
3.1313782,-3.4256134,0.11982727
3.2750244,-3.0664825,0.23474121
3.1361694,-2.7289124,0.09828186
2.767456,-2.4032898,-0.09805298
2.5400085,-2.250061,-0.1986084
1.8744202,-2.14711,-0.21536255
1.5535889,-2.4368134,0.02406311
1.134613,-3.0856476,0.48135376
0.46902466,-4.2803497,1.2881927
-0.33303833,-6.1574097,2.6983795
-1.3840942,-8.412735,4.95372
-2.0855865,-10.919464,6.6512146
-2.0424957,-12.279373,7.170746
-0.9124298,-17.302414,9.8450775
-3.4335327,-23.850555,14.355743
-7.4414215,-27.20723,15.198502
-6.577118,-22.342209,12.409256
-3.8884277,-14.532318,9.433273
-2.0113678,-8.211624,6.7972565
0.22241211,-4.0576935,4.4653015
2.6214142,-4.34021,0.62979126
5.1879883,-9.1453705,-5.6142883
8.087372,-15.889832,-9.9118805
9.4496765,-21.846603,-7.718796
7.280533,-26.563187,-4.398041
4.630142,-24.42038,-3.5409088
0.89279175,-14.331207,1.7766113
-0.57484436,-1.8717804,3.7733765
0.6198578,0.7522583,3.6273346
2.1904602,-1.1487274,2.2051697
4.8240814,-3.11438,-1.9631348
5.870346,-4.7735596,-5.8800507
5.7410583,-6.7296143,-7.431488
5.0706787,-9.370422,-6.3181763
3.1553192,-12.085449,-4.4483185
1.783432,-13.833221,-1.141922
0.10510254,-14.733429,2.3512268
-0.7711792,-14.769348,3.2634125
-2.5476685,-12.954544,2.0112457
-3.2683258,-11.118195,0.6680908
-3.019333,-9.408737,-0.29197693
-2.2196655,-7.751938,-1.6494904
-1.2715607,-6.447098,-2.884903
-0.25402832,-5.736023,-3.6151276
0.79463196,-5.9993896,-3.8521576
1.5535889,-7.1581726,-3.2105103
1.9079437,-8.716812,-1.2544403
1.5799255,-9.490128,0.18206787
1.3476868,-9.327332,1.2762299
0.9071655,-9.061569,1.7837982
0.33494568,-9.08551,1.858017
0.0236969,-8.884399,1.5563507
-0.5437317,-9.0065,0.9290619
-0.7568054,-8.709625,0.17250061
-0.9124298,-8.709625,-0.27522278
-0.7711792,-8.374435,-1.276001
-0.46232605,-8.362457,-1.5608978
-0.18699646,-8.884399,-1.4364014
-0.2109375,-9.576324,-1.0102386
-0.37852478,-10.004883,-0.8977051
-0.61076355,-8.980164,-0.019042969
-0.63949585,-8.453445,0.43107605
-0.51260376,-7.514923,1.292984
-1.482254,-8.544418,2.3512268
-1.4942169,-8.652161,2.3416443
-1.7815247,-10.136566,1.2307281
-3.1438293,-11.704773,-2.2073364
-3.2683258,-11.333664,-2.9375763
-4.360077,-12.106995,-2.743637
-4.281082,-13.033554,0.15335083
-3.5867615,-12.980881,1.0870819
-1.8964539,-12.102203,1.9226532
-2.0736237,-13.067078,1.3336792
-2.4614868,-14.046295,0.38079834
-2.5524597,-14.745407,-0.19381714
-2.7440033,-14.989609,-0.22254944
-3.3449402,-14.740616,-0.2967682
-3.6992798,-14.264175,-0.4380188
-3.0576324,-14.053482,-0.25605774
-1.4176025,-14.230652,-0.11001587
2.4562073,-14.577805,0.74949646
4.2758026,-14.50119,1.0583496
7.6755676,-14.271347,0.8021698
9.971603,-14.022354,-0.25128174
9.011536,-13.167633,-2.0182037
7.54628,-12.85878,-2.2456512
3.083496,-11.977707,-1.9224243
1.7666779,-11.987289,-1.893692
-0.2157135,-12.039963,-1.6159668
-1.5660553,-12.193192,-1.220932
-1.7767334,-12.020798,-0.16268921
-1.6259003,-11.795746,-0.05255127
-1.3816986,-11.027206,-0.32310486
-1.3816986,-11.027206,-0.32310486
-1.2619934,-10.349655,-1.2496643
-1.3194427,-9.863632,-2.2863464
-0.6993561,-8.779053,-2.4946442
-0.42401123,-8.290634,-2.3414154
0.39720154,-6.688919,-1.5393524
0.66534424,-6.2005005,-1.2927551
1.5559845,-4.917206,-0.473938
1.8768158,-4.412033,-0.023834229
2.0180664,-4.2588043,0.22756958
2.4322662,-3.7703857,0.55078125
2.5950775,-3.4423828,0.4693756
2.5088806,-3.2053528,0.09828186
2.2670746,-3.059311,-0.45239258
1.9749756,-2.9395905,-1.0413666
1.8480835,-2.9060822,-1.2257233
1.6589355,-2.834259,-1.0341797
1.5272522,-3.0880432,-0.46914673
1.4099426,-3.423233,-0.12438965
0.9239197,-5.1135254,1.1565094
0.6773224,-6.700882,2.3416443
0.47381592,-7.5723724,3.1963806
0.14579773,-10.246704,6.59375
0.4235382,-12.686386,8.652756
0.13143921,-16.2753,10.043793
-2.2244568,-20.881744,11.872955
-5.269882,-23.003006,12.909653
-5.964203,-19.586487,11.415665
-4.644989,-14.0439,8.614456
-3.8596954,-11.484497,7.3144073
-2.5381012,-7.3233795,5.1691895
-0.74005127,-5.0776215,2.288971
-0.1247406,-6.1334686,0.9099121
2.0252533,-10.3233185,-2.9255981
6.763382,-19.552963,-5.894409
7.838379,-22.765976,-5.2599487
6.772949,-28.385178,-3.552887
0.2655182,-19.409317,-0.18423462
0.76589966,-7.9291077,4.285736
1.2543182,-3.325058,4.7382355
3.332489,2.813675,3.5435333
4.4218445,1.3986969,2.8372498
6.440155,-0.05458069,-0.44999695
7.575012,-1.3785706,-4.548874
6.5359344,-3.3968964,-6.940674
4.4577637,-7.795044,-6.294235
2.099472,-13.74942,-4.6733704
0.04046631,-17.714218,-3.0764313
-2.21727,-18.698227,0.16052246
-3.514923,-16.234604,2.4805145
-2.9690552,-12.276978,2.1692657
-2.3489532,-9.466187,0.996109
-1.7863159,-7.771103,-0.11959839
-0.7711792,-6.514145,-1.4172516
0.09552002,-5.767151,-3.0022125
0.31819153,-5.6282806,-3.7563934
0.6150665,-6.47583,-4.8481445
0.6198578,-7.3616943,-4.8122253
0.8209686,-9.478165,-2.865738
0.23918152,-10.783005,-0.3470459
-0.23727417,-10.371201,1.1277771
-0.03614807,-9.772644,1.4701538
-0.13432312,-9.456619,2.3224945
0.5121155,-8.989746,1.7670288
0.8473053,-8.896378,0.9601898
0.8329468,-8.453445,0.05039978
0.30381775,-8.345703,-0.74687195
0.08595276,-8.146988,-1.1275482
-0.4503479,-7.866867,-1.5369568
-1.3577576,-8.738358,-1.2400818
-1.5301361,-9.317749,-0.6654663
-1.4846497,-9.628998,-0.3183136
-0.8046875,-10.167694,0.25390625
-0.20375061,-9.643356,0.7016144
0.87124634,-8.338516,0.87638855
1.110672,-8.774261,1.6952057
0.63900757,-9.351273,1.8125305
0.22003174,-9.0903015,1.2642517
-1.5444946,-10.270645,0.625
-2.4447174,-10.948196,-0.05973816
-3.4048004,-10.742294,-2.0014343
-3.91716,-11.13974,-2.0900269
-3.7375946,-11.996857,-0.90489197
-2.4614868,-11.841232,0.4190979
-1.3457794,-11.151703,1.2283478
-2.2388153,-12.475708,1.190033
-2.976242,-13.9361725,0.759079
-3.1893158,-14.920181,0.19883728
-2.8996277,-14.944122,-0.30633545
-3.2779083,-15.142838,-0.98869324
-3.4359283,-14.762161,-1.2951508
-2.878067,-14.115738,-1.1538849
-1.5660553,-13.735046,-0.72532654
0.3780365,-13.799698,0.12461853
3.380371,-13.902649,1.2403107
6.6005707,-13.94574,1.5515594
9.042664,-14.022354,0.90512085
9.691483,-13.883499,-0.27043152
8.214264,-13.421417,-1.5752716
5.8176727,-12.554718,-2.3246613
3.4521942,-11.908279,-2.647873
1.3093872,-11.597031,-2.6430817
-0.58921814,-11.685623,-2.0325623
-1.9036255,-11.862793,-0.90489197
-2.3537445,-11.910675,0.01687622
-2.2460022,-11.908279,0.14616394
-1.9419403,-11.489288,-0.28001404
-1.8150482,-11.024811,-1.0030518
-1.1805878,-10.174881,-1.8625793
-0.790329,-9.569138,-2.379715
-0.34022522,-8.728775,-2.4970398
0.11228943,-7.795044,-2.2552185
0.6916809,-6.597931,-1.5561218
1.110672,-5.597168,-0.84742737
1.5296478,-4.8717194,-0.25605774
1.7882233,-4.459915,0.22517395
2.0803223,-4.18219,0.57232666
2.3771973,-3.9595337,0.6896515
2.5567627,-3.8039093,0.52204895
2.4849396,-3.703354,0.11264038
2.2622833,-3.6219482,-0.39253235
1.9989166,-3.5453339,-0.849823
1.7906189,-3.4375916,-1.0581207
1.5990906,-3.241272,-0.85461426
1.3764191,-3.2197113,-0.3542328
1.1441803,-3.6434937,0.31375122
1.0795441,-4.423996,1.0846863
1.249527,-5.621109,2.0016632
1.3668518,-6.4016113,2.573883
1.1274261,-9.054382,5.0542755
1.1729126,-11.21875,7.096527
0.9239197,-14.206711,8.712616
-0.6634369,-18.137985,10.357437
-4.6186523,-21.9711,12.241669
-7.570709,-21.327072,12.591217
-7.9274445,-17.38861,10.25209
-6.7494965,-12.70076,7.2904663
-5.257904,-8.704834,5.1452484
-3.7950592,-6.277115,3.1413116
-0.62034607,-7.6801147,-0.90249634
1.2207947,-9.406342,-2.671814
5.0946198,-14.546692,-5.4921875
7.903015,-20.443604,-5.1330566
7.766556,-25.730011,-3.315857
4.254257,-20.050964,1.5443726
4.0818787,-14.0989685,4.3216553
2.9901123,-4.10318,6.411789
3.344452,1.4441833,4.946533
3.9669495,0.9246521,3.7973175
5.6716156,-0.84706116,0.28981018
7.151245,-2.4655457,-4.936722
5.609375,-5.898834,-8.789001
4.6900024,-7.7375793,-8.511276
2.5208588,-11.963348,-7.1417847
0.9191284,-15.609711,-4.3693085
-1.4702759,-16.861877,2.695984
-2.3154297,-14.778931,4.2211
-2.2316437,-11.728714,2.5643005
-2.2460022,-10.495697,1.5563507
-1.4966125,-8.015305,-0.552948
-0.9004669,-7.380844,-1.1993866
0.03807068,-6.5285034,-2.7101288
0.39959717,-5.9945984,-4.2184753
0.86405945,-6.1813507,-5.2551575
2.4107208,-8.020096,-3.4571075
2.5424042,-8.893982,-2.446762
1.6421814,-10.007278,0.009689331
1.3644562,-9.715195,0.72795105
0.20805359,-9.466187,2.0974426
0.25354004,-9.02327,2.0782776
0.25354004,-9.02327,2.0782776
-0.3378296,-8.910736,0.31375122
-0.32585144,-8.656952,-0.21296692
-0.4575348,-8.350494,-1.0509338
-1.1207275,-8.048828,-1.620758
-1.6067505,-8.199661,-1.6949768
-1.8868713,-8.676102,-1.4100647
-1.9706726,-9.114243,-0.8881378
-1.8030701,-9.411118,-0.6247711
-1.2643738,-9.583511,-0.5720978
-0.60118103,-9.648148,-0.25605774
-0.33543396,-9.655334,1.22E-04
0.61027527,-9.265076,1.2187653
0.9191284,-9.10466,1.4055176
1.7403412,-8.764694,1.055954
0.95025635,-9.207611,0.5483856
-0.68258667,-10.3472595,-0.07649231
-2.2771301,-11.29776,-0.6175842
-3.3904266,-11.893906,-0.9767151
-3.9937744,-12.111786,-1.0940399
-2.9690552,-11.846024,-0.6750488
-2.6506195,-12.032776,-0.3590088
-1.1757965,-11.055939,0.55078125
-1.9108124,-12.36557,0.67048645
-2.411209,-13.620132,0.44303894
-2.3776855,-14.118118,0.19404602
-2.8397675,-14.455704,-0.11001587
-3.687317,-14.314453,-0.49787903
-4.1134796,-14.053482,-0.50746155
-3.8261719,-14.02475,-0.2895813
-2.0808105,-13.993622,-0.13395691
0.17932129,-14.221069,-0.08847046
2.932663,-14.381485,0.4190979
6.423401,-14.273743,0.921875
9.598114,-13.993622,0.39994812
10.864639,-13.660828,-0.66308594
9.492767,-13.258606,-2.0684814
6.610153,-12.796524,-2.7915192
3.7466888,-12.379929,-2.4802856
1.462616,-11.972916,-1.8170776
-0.7161102,-11.927429,-1.517807
-2.4040222,-12.135727,-0.85461426
-2.6554108,-12.164459,-0.07649231
-2.3776855,-12.085449,0.11743164
-2.0209503,-11.699982,-0.29197693
-1.5109863,-10.9913025,-1.1036072
-1.3314209,-10.356827,-1.8218689
-0.7544098,-9.459015,-2.216919
-0.4168396,-8.704834,-2.2839508
0.07397461,-7.6106873,-1.9176483
0.45465088,-6.530899,-1.5154114
0.97898865,-5.3888702,-0.93122864
1.4817657,-4.491043,-0.36140442
1.7738647,-4.00502,0.19165039
1.9797668,-3.732071,0.55796814
2.1808777,-3.6387024,0.5819092
2.154541,-3.6004028,0.3113556
1.9390564,-3.6698303,-0.1986084
1.8145599,-3.7105255,-0.48590088
1.4362793,-3.811081,-1.2640228
1.3093872,-3.7847443,-1.4028931
1.2998047,-3.727295,-1.0557251
1.3237457,-3.993042,-0.41168213
1.2207947,-4.7376404,0.407135
1.0962982,-5.8485565,1.2834015
1.0196838,-7.2395782,2.5283966
0.7132263,-8.712021,4.1325073
0.8497009,-10.184448,6.260956
1.4195251,-12.092636,8.25293
1.1178436,-15.027924,9.837891
-0.016998291,-16.912155,10.754868
-5.2674866,-20.795547,12.58165
-6.6752777,-18.525848,11.425247
-6.07193,-14.544296,8.703033
-5.257904,-10.574707,6.0742035
-4.5564117,-7.033676,3.7613983
-3.8405457,-4.740036,1.403122
-2.605133,-4.708908,-1.3214874
0.48817444,-7.103119,-3.8162384
4.5247955,-11.666458,-5.3461304
5.973297,-14.192352,-5.4299316
7.8886566,-22.864151,-3.1219177
5.5160065,-27.195251,0.55078125
2.458603,-20.776398,4.1684265
1.680481,-10.931442,6.6559906
1.5607758,-6.9235535,5.7629547
3.0116577,-1.2660522,2.763031
4.4338226,-1.716156,1.7311249
6.5407104,-2.348236,-1.5369568
7.9317474,-2.6929932,-5.1043243
7.2948914,-3.5046234,-6.976593
5.276581,-6.2603607,-6.1051025
3.0547638,-10.984116,-4.352539
1.0292664,-15.049469,-2.5712585
-1.4942169,-17.055817,-0.05973816
-2.6171112,-16.948074,1.3336792
-3.5508423,-14.448532,2.130951
-2.9594727,-9.662521,0.73753357
-1.8006744,-7.941086,-0.44041443
-0.790329,-6.834961,-2.2025452
-0.20135498,-6.222046,-3.9981995
0.3732605,-6.444702,-5.2384033
1.3931885,-7.5220947,-4.2998657
2.0132751,-8.891586,-2.3078918
1.7882233,-9.7343445,-0.5266113
1.0723572,-10.028824,0.7949829
0.8329468,-9.650543,1.7191467
0.92152405,-9.121429,2.08786
0.5432434,-9.056778,1.7814026
0.41874695,-8.891586,0.921875
0.06680298,-8.8461,-0.12199402
-0.32824707,-8.405563,-1.0964355
-0.4862671,-8.278671,-1.2831726
-0.7544098,-8.120651,-1.220932
-0.8406067,-8.498932,-0.33506775
-0.8406067,-8.498932,-0.33506775
-0.5365448,-8.886795,0.24911499
-0.2731781,-9.188461,-0.03100586
-0.23487854,-9.346481,-0.11959839
-0.09840393,-9.329727,-0.07888794
-0.17980957,-8.891586,0.0647583
-0.19656372,-8.819763,0.25390625
-0.23487854,-9.116638,0.2826233
-0.15107727,-8.898758,-0.014251709
-0.65625,-9.6002655,-0.8091278
-1.72406,-10.378387,-1.4052887
-2.241211,-10.9362335,-1.3957062
-2.5620422,-12.013626,-1.1275482
-2.4064178,-12.231491,-0.84265137
-1.2859344,-11.666458,0.917099
-0.91482544,-11.348038,1.3576202
-0.68019104,-11.549149,1.2451019
-1.2931061,-12.2267,0.97216797
-2.4973907,-13.68956,0.74710083
-2.8086395,-13.921799,0.86442566
-3.6226654,-14.352753,0.8811798
-4.5348663,-14.628082,0.5531769
-4.858078,-14.34079,0.12939453
-4.3457184,-14.252197,0.14376831
-2.3010712,-13.917007,0.0934906
1.565567,-13.890671,0.19165039
4.7019653,-13.972076,1.0607452
7.6276855,-14.24501,1.3767853
8.712265,-14.379089,1.0391998
8.961258,-14.319244,-1.706955
8.961258,-14.319244,-1.706955
6.8998413,-13.823639,-3.4882355
3.19841,-12.772583,-3.576828
1.0843353,-12.095032,-3.0548859
-2.1645966,-12.334442,-1.9822845
-2.9115906,-12.648087,-0.09326172
-2.7200623,-12.698364,0.7447052
-2.0760193,-12.233887,0.7231598
-1.2548065,-11.417465,0.03363037
-0.9052429,-11.101425,-0.37817383
-0.06248474,-10.000092,-1.2281036
0.4283142,-8.807785,-2.0804443
0.763504,-7.763916,-1.912857
1.0771484,-6.6458282,-1.4411926
1.3860016,-5.7551727,-0.64152527
1.5583801,-5.396042,-0.24409485
1.8241425,-4.6706085,0.56993103
1.8121643,-4.5485077,0.7518921
1.8121643,-4.388092,1.1421509
1.7451324,-4.213318,1.1301727
1.699646,-4.1462708,0.9290619
1.5368347,-3.94516,0.06954956
1.407547,-3.9044647,-0.45239258
1.2207947,-3.9427643,-0.794754
1.1202393,-3.9236145,-0.8378601
1.1226349,-3.8493958,-0.8019409
1.3357239,-3.6626434,-0.4092865
1.4530334,-3.7009583,-0.2273407
1.5679626,-4.3593597,0.4550171
1.3788147,-5.2835236,1.0487823
0.952652,-6.566818,1.7287292
0.605484,-8.072769,2.7295074
0.030883789,-9.863632,4.245041
-0.44317627,-11.783783,6.138855
-1.2260742,-13.938553,7.886612
-2.7583618,-15.932922,9.775635
-4.8556824,-17.106094,11.626358
-6.079117,-16.531479,12.038162
-6.237137,-15.72464,11.008652
-5.858856,-15.128479,8.86824
-5.5523987,-14.721466,7.4700317
-3.4454956,-13.234665,3.2059479
-1.0680542,-14.180374,0.18685913
1.6900635,-17.941666,-4.0820007
4.709152,-22.44516,-6.6078796
5.9014587,-25.564804,-4.826599
3.648529,-25.042862,-3.5361176
4.419449,-14.247406,-1.2903595
5.2286987,-3.1167603,1.3743896
5.537552,3.6468506,2.9378052
5.882309,5.205475,4.039139
6.119339,3.151245,2.3871307
5.092224,0.2566681,-0.61997986
3.3588257,-3.5237885,-3.5193634
2.858429,-8.07756,-5.3652954
2.0300446,-13.842789,-6.4929657
-0.14868164,-19.100464,-5.9662323
-1.245224,-20.5681,-3.9622955
-1.6474457,-17.36467,2.526001
-0.49583435,-13.49324,2.5643005
0.07157898,-12.1141815,1.9681549
1.2088318,-9.997711,0.76626587
1.5799255,-9.186066,0.25630188
1.2088318,-8.700043,-0.33506775
0.61027527,-8.216415,-0.4164734
0.5695801,-7.5484314,-0.34225464
1.0939026,-6.976227,-0.69659424
1.3500824,-6.8780518,-0.95277405
0.679718,-8.2092285,-1.007843
0.3660736,-9.643356,-0.7732086
-0.13192749,-10.9913025,-0.6295624
-0.13909912,-11.5012665,-1.1227722
-0.6849823,-11.295364,-1.0820618
-1.0752411,-10.591461,-1.3765564
-1.0752411,-10.591461,-1.3765564
-2.4040222,-9.966583,-0.16748047
-2.241211,-9.712799,0.036026
-1.7887115,-9.315353,0.25390625
-0.80229187,-8.872421,0.7016144
0.4929657,-8.929886,0.94104004
1.0891266,-9.277054,1.1780548
1.4338837,-9.334503,1.0272217
1.1130676,-8.889191,0.79260254
1.1370087,-8.980164,0.26826477
0.24874878,-10.122208,0.12939453
0.29664612,-10.562729,-0.78279114
0.3660736,-10.103043,-1.3621826
0.39001465,-9.593079,-1.5321808
0.6342163,-9.327332,-1.3023376
0.71562195,-9.406342,-0.7229309
0.7611084,-9.746307,-0.06213379
0.6437988,-9.959396,-0.009460449
0.64619446,-9.844467,-0.20578003
0.7132263,-9.772644,-0.49308777
0.32058716,-9.760681,-0.83306885
-0.06010437,-9.51886,-0.8641968
-0.23727417,-9.688858,-1.220932
-0.18937683,-9.808563,-1.1395264
-0.3378296,-10.285004,-3.078827
1.2471313,-9.808563,-0.84265137
-0.04093933,-9.827713,-0.7037811
-0.3713379,-10.098267,-1.031784
-0.2516327,-10.160507,-1.1538849
-0.17741394,-10.285004,-1.3214874
-0.11276245,-10.344864,-1.2233276
0.02609253,-10.203598,-1.117981
0.19369507,-9.837296,-1.1227722
0.229599,-9.760681,-1.2089539
0.24157715,-9.861237,-1.3430328
0.2798767,-9.99292,-1.2951508
0.39241028,-9.949814,-1.414856
0.60787964,-9.772644,-1.5010529
0.78027344,-9.7582855,-1.383728
0.976593,-9.868423,-1.2736053
1.0962982,-9.789413,-1.280777
1.0364532,-9.741531,-1.2831726
0.9981384,-9.767853,-1.1203766
1.0340576,-9.85405,-0.9072876
1.0843353,-9.918701,-0.86180115
1.0675659,-9.664917,-0.8570099
1.1010895,-9.648148,-0.7732086
1.1777039,-9.55957,-0.7923584
1.0436249,-9.631393,-0.71813965
0.79463196,-9.877991,-0.6175842
0.655777,-9.966583,-0.6535034
0.3948059,-9.784622,-0.70617676
0.25593567,-9.787018,-0.6247711
0.16017151,-9.839691,-0.6463165
0.18650818,-9.923477,-0.88334656
0.39959717,-9.73674,-1.1371307
0.65338135,-9.7343445,-0.78279114
0.684494,-9.545197,-0.5720978
0.5863342,-9.4207,-0.65589905
0.3660736,-9.767853,-0.5816803
0.3732605,-10.285004,-0.6582947
0.2798767,-10.452606,-0.79714966
0.24636841,-10.476547,-0.75405884
0.36846924,-10.158112,-0.43084717
0.44747925,-9.837296,-0.260849
0.53126526,-9.770248,-0.33746338
0.4570465,-9.942642,-0.39253235
0.48098755,-9.983337,-0.54815674
0.5121155,-9.997711,-0.6822357
0.5911255,-9.870804,-0.7013855
0.48817444,-9.741531,-0.45718384
0.46662903,-9.746307,-0.42366028
0.24636841,-9.691238,-0.2321167
0.30381775,-9.585907,-0.19381714
0.33015442,-9.686462,-0.14353943
0.75393677,-9.542801,-0.473938
0.7276001,-9.820526,-0.5433655
0.27030945,-9.8349,-0.13395691
0.65815735,-9.344086,-0.3877411
0.6342163,-9.437454,-0.28479004
