-1.3122711,2.6436768,5.26976
-2.344162,2.3970795,6.0885773
-2.205307,2.1049805,6.27771
-1.8413849,1.7602234,6.3064423
-1.434372,1.209549,6.1987
-1.1518555,0.5918579,5.9951935
-0.8980713,0.036392212,5.767746
-0.7065277,-0.6339874,5.2721405
-0.90763855,-1.2492828,4.2354584
-1.4415588,-1.4911041,2.731903
-2.3010712,-1.4863129,0.71836853
-3.3066406,-1.771225,-1.299942
-3.7495575,-2.3697815,-2.216919
-4.6713257,-3.348999,-2.0086212
-6.100662,-4.562866,-1.0102386
-7.7335205,-5.9945984,0.99131775
-9.15567,-7.0695953,3.7613983
-10.101379,-7.725601,5.463684
-11.015961,-8.067978,5.5474854
-11.573807,-8.058395,4.819641
-11.454102,-8.067978,3.7973175
-11.049484,-8.118256,2.9641418
-10.721481,-8.271484,2.4015045
-10.759781,-8.70723,2.277008
-11.063843,-9.394363,2.5140228
-11.281723,-10.019257,2.7941437
-11.600143,-10.42627,3.0263824
-12.280106,-11.034393,3.0096283
-12.79007,-11.407883,2.8611908
-14.212219,-12.590622,2.3488312
-14.817963,-13.062286,2.0375824
-15.160324,-13.359161,1.6066284
-15.476364,-13.739838,1.0032806
-15.677475,-14.146851,0.4550171
-15.818726,-14.450912,0.22038269
-16.08928,-14.661606,0.38796997
-16.587265,-14.709488,0.97454834
-16.936829,-14.426971,1.5563507
-17.681427,-14.448532,2.051941
-18.488266,-14.48204,2.6169739
-18.58165,-14.110947,3.1053925
-17.899292,-13.234665,3.404663
-16.774017,-12.166855,3.593811
-15.533829,-11.254654,3.5531158
-14.3750305,-10.538788,3.1413116
-13.525085,-9.959396,2.6121826
-12.8762665,-9.3871765,2.2243347
-12.605713,-8.7982025,1.9992676
-12.6129,-8.53006,1.984909
-13.051041,-7.9769897,2.3727722
-13.323975,-7.62265,2.894699
-13.369461,-7.0312805,3.3400269
-13.098923,-6.408798,3.5507202
-12.893021,-6.1813507,3.5171967
-12.373474,-5.8437653,3.1676483
-11.930542,-5.64505,2.9785004
-11.260178,-5.261978,2.9162598
-10.764572,-4.644272,2.9713135
-10.65683,-3.9882507,3.114975
-10.903442,-3.4375916,3.2466583
-11.648041,-3.3945007,3.193985
-12.203491,-3.4208374,3.1532745
-12.301651,-3.3059082,2.9162598
-12.131668,-3.2005615,2.5331879
-11.695923,-3.1885986,2.2937622
-10.934555,-3.0641022,2.4350128
-10.568253,-2.9539642,2.549942
-10.324036,-2.6953888,2.719925
-10.5203705,-2.8845367,2.8180847
-10.800491,-3.0305786,2.9521637
-11.245804,-3.217331,3.4477692
-11.52832,-3.2819672,3.9601288
-11.664795,-3.475891,4.3551636
-11.748596,-3.8158722,4.517975
-12.172363,-4.3114777,4.436569
-12.890625,-5.1925354,4.008011
-13.757324,-6.356125,3.5315552
-14.363052,-7.289856,3.4573364
-14.643173,-7.9434814,3.5363464
-14.6719055,-8.666534,2.7821808
-14.700638,-9.269867,2.5906372
-14.894577,-9.789413,2.66008
-14.98555,-10.158112,2.9138641
-14.937668,-10.495697,3.1772156
-14.760498,-10.833282,3.5531158
-14.348694,-11.010452,3.6129608
-14.171524,-11.249878,3.277771
-14.396576,-11.829269,2.8133087
-14.844299,-12.590622,2.305725
-15.303986,-13.280151,1.8316803
-15.631989,-13.780548,1.403122
-16.060547,-14.549088,0.9793396
-16.695007,-15.770126,0.8715973
-17.049347,-16.73259,1.1493378
-16.654312,-17.103699,1.7119751
-15.919296,-17.211441,2.34404
-15.332703,-17.386215,2.7725983
-14.688675,-17.357483,2.973709
-14.001541,-17.074966,3.0263824
-13.295242,-16.737381,3.0024414
-12.600922,-16.33995,2.9785004
-11.86351,-15.8228,2.9976501
-11.152435,-15.274521,3.0383606
-10.477264,-14.683151,2.9952545
-9.689575,-14.02475,2.7893524
-8.980896,-13.421417,2.50206
-8.3272705,-12.865952,2.2315063
-7.652115,-12.303314,1.9106903
-6.9913177,-11.778992,1.5587463
-6.3736115,-11.283386,1.2427063
-5.708023,-10.775818,0.996109
-5.059189,-10.275436,0.92666626
-4.501343,-9.794189,1.000885
-3.9003906,-9.241135,1.1277771
-3.6944885,-9.059174,1.1277771
-3.273117,-8.673706,1.055954
-2.8565216,-8.328949,0.8739929
-2.4519043,-7.9793854,0.58670044
-2.0448914,-7.5843506,0.25390625
-1.5947876,-7.1797333,-0.17227173
-1.1015778,-6.8134155,-0.51942444
-0.58921814,-6.5093536,-0.82588196
-0.11755371,-6.269928,-1.1251526
0.28227234,-6.092758,-1.359787
0.6126709,-5.9682617,-1.5345612
0.79463196,-5.9323425,-1.5225983
0.8329468,-5.9634705,-1.4699249
0.78504944,-6.253174,-1.0796661
0.6509857,-6.578781,-0.4092865
0.600708,-6.6482086,-0.15310669
0.32058716,-6.866089,0.5196533
0.20565796,-6.992981,0.6896515
0.02130127,-7.2683105,0.9530029
-0.27796936,-7.7303925,1.0439911
-0.6706238,-8.477386,0.8213196
-1.3266296,-9.396759,0.57232666
-2.2077026,-10.340073,0.328125
-3.060028,-11.094254,0.014480591
-4.056015,-11.824478,-0.41168213
-5.5883026,-12.590622,-0.9767151
-6.083908,-12.784561,-1.1395264
-7.5323944,-13.359161,-1.5513306
-8.339249,-13.773361,-1.4531708
-9.055115,-14.199524,-1.0653076
-9.397491,-14.424576,-0.8234863
-10.149261,-14.850754,-0.28001404
-11.442139,-15.461273,0.39276123
-12.488403,-15.841949,0.79737854
-13.570572,-16.189102,1.0415955
-14.41333,-16.387833,1.3312836
-15.263275,-16.478806,1.5946503
-16.05336,-16.330368,1.8532257
-16.654312,-16.064606,2.0351868
-16.944016,-15.961655,2.1141968
-17.664658,-15.753372,2.1333466
-17.839447,-15.636047,2.071106
-17.564102,-15.492401,1.996872
-16.893723,-15.1979065,2.2386932
-16.225754,-14.79808,2.5643005
-15.928864,-14.381485,2.6169739
-15.780426,-13.893066,2.6193695
-15.485931,-13.225082,2.6361237
-15.043015,-12.406265,2.664856
-14.556992,-11.558716,2.6241608
-14.317566,-11.132553,2.5786743
-14.085327,-10.026428,2.4661407
-14.047028,-9.238739,2.5834656
-13.924927,-8.427109,2.9210358
-13.814789,-7.6513824,3.320877
-13.647186,-6.882843,3.6704254
-13.426926,-6.222046,3.8954773
-13.201874,-5.815033,3.9601288
-12.859497,-5.424774,3.8787231
-12.47403,-5.044098,3.7709808
-12.148422,-4.6945496,3.7254944
-11.880264,-4.349777,3.7254944
-11.674362,-4.0696564,3.7709808
-11.614517,-3.854187,3.7494354
-11.499588,-3.5596924,3.6704254
-11.303268,-3.179016,3.5555115
-11.078217,-2.7456665,3.3136902
-10.877106,-2.3242798,3.0575104
-10.75499,-1.9388275,2.8372498
-10.759781,-1.7855988,2.6816254
-11.135681,-1.716156,2.0375824
-11.442139,-1.8933258,1.7502747
-11.777313,-1.9891052,1.7335205
-12.129272,-2.1758423,1.9801178
-12.519516,-2.5325775,2.4445953
-12.933716,-3.0856476,2.9042816
-13.48439,-3.9475555,3.2035522
-14.2170105,-5.115921,3.2011566
-15.165115,-6.459076,2.9832916
-15.945633,-7.6202545,2.549942
-16.771622,-8.640198,2.0926514
-17.518616,-9.526047,1.6233826
-18.002243,-10.09108,1.1996155
-18.208145,-10.455002,0.7806244
-18.215332,-10.845245,0.32572937
-18.100403,-11.355209,0.03363037
-17.884933,-12.032776,0.04321289
-17.652695,-12.87793,0.2706604
-17.470734,-13.890671,0.5627594
-17.382141,-15.051865,0.8668213
-17.386932,-15.681534,1.0152588
-17.592834,-17.649567,1.3504486
-17.652695,-18.72696,1.269043
-17.406082,-19.392548,1.09906
-16.865005,-19.603241,1.0679321
-16.180252,-19.608032,1.0607452
-15.3949585,-19.46199,1.1158142
-14.470795,-19.117218,1.2163696
-13.558609,-18.667114,1.348053
-12.713455,-18.161926,1.5324097
-11.920975,-17.608871,1.8005524
-11.173981,-17.043839,2.0136414
-10.391083,-16.478806,2.1141968
-9.598602,-15.887436,2.1692657
-8.901886,-15.243393,2.075882
-8.276993,-14.472473,1.9489899
-7.6233826,-13.622528,1.8292847
-7.0272217,-12.806107,1.7502747
-6.4693756,-12.059113,1.6712646
-5.921097,-11.39592,1.6425323
-5.4422607,-10.840469,1.5946503
-5.016098,-10.373596,1.5132446
-4.5923157,-9.925873,1.3695984
-4.245163,-9.478165,1.2403107
-3.897995,-8.999329,1.0679321
-3.5484467,-8.539642,0.82850647
-3.1294708,-8.130234,0.5555725
-2.6649933,-7.696869,0.3209381
-2.2340393,-7.320984,0.13418579
-1.8533478,-7.0265045,-0.0501709
-1.6019592,-6.918762,-0.22972107
-1.4223938,-6.981003,-0.41168213
-1.2069244,-7.155792,-0.55773926
-0.8214569,-7.3305664,-0.58647156
-0.34022522,-7.4622498,-0.5026703
0.16496277,-7.6011047,-0.40211487
0.40437317,-7.668152,-0.32310486
1.1130676,-7.7615204,0.0934906
1.3931885,-7.8644714,0.58670044
1.3668518,-8.034454,1.1062317
1.0436249,-8.336121,1.5204315
0.70365906,-8.779053,1.8364716
0.36846924,-9.214798,1.9992676
-0.40246582,-10.036011,1.9561768
-0.7328644,-10.325714,1.8532257
-1.5899963,-10.967361,1.5084686
-2.6506195,-11.623367,1.0128632
-3.7423859,-12.097412,0.5771179
-4.554016,-12.296143,0.3113556
-5.1884766,-12.442184,0.15812683
-5.901947,-12.71991,0.18685913
-6.7614746,-13.141296,0.25390625
-7.644928,-13.620132,0.2419281
-8.533173,-14.149246,0.3400879
-9.299316,-14.6879425,0.40473938
-9.849991,-15.145233,0.37361145
-10.458115,-15.616898,0.31614685
-11.118912,-16.193893,0.20123291
-11.549866,-16.7733,0.14137268
-12.052658,-17.316772,0.20600891
-12.866684,-17.855469,0.3113556
-14.255325,-18.250519,0.47895813
-15.816345,-18.365433,0.6441498
-16.970337,-18.073349,0.79977417
-17.700577,-17.52507,0.9817352
-18.030975,-16.873856,1.1301727
-18.023788,-16.088547,1.2043915
-17.781982,-15.281708,1.1804504
-17.422852,-14.467682,1.0966644
-17.087662,-13.65126,0.92666626
-17.008652,-13.007217,0.6944275
-16.860214,-12.334442,0.3616333
-16.680649,-11.690399,0.028839111
-16.283203,-10.687241,-0.24169922
-16.098862,-10.335281,-0.27522278
-15.703812,-9.631393,-0.28001404
-15.201035,-8.90834,-0.24169922
-14.6719055,-8.211624,-0.11720276
-14.255325,-7.5963135,0.21798706
-13.889008,-7.0217133,0.70880127
-13.539459,-6.427948,1.269043
-13.268906,-5.8341827,1.7909851
-12.995972,-5.056076,2.3895264
-12.866684,-4.7855225,2.5283966
-12.524307,-3.9714966,2.8923035
-12.466858,-3.5477295,3.0335693
-12.462067,-3.3537903,3.1532745
-12.390244,-2.8845367,3.6033936
-12.3710785,-2.7456665,3.696762
-12.521912,-2.30513,3.759018
-12.871475,-2.1207733,3.6392975
-13.029495,-2.0657196,3.5650787
-13.716629,-2.0657196,3.1317291
-14.0829315,-2.1064148,2.6935883
-14.377426,-2.3075256,2.1908112
-14.679092,-2.839035,1.7502747
-14.834717,-3.2053528,1.6018372
-15.186661,-3.9762878,1.589859
-15.550583,-4.807068,1.8460388
-16.144348,-6.1382446,2.1285553
-16.536987,-6.957062,2.2985535
-16.936829,-7.708847,2.2746124
-17.252853,-8.410355,2.0375824
-17.41806,-9.047211,1.6066284
-17.3199,-9.63858,1.075119
-17.173859,-9.8923645,0.80696106
-16.678253,-10.917084,0.17729187
-16.472351,-11.898697,0.028839111
-16.278427,-12.983276,-0.00466919
-16.278427,-12.983276,-0.00466919
-15.866623,-14.869904,0.5747223
-15.924072,-15.873077,0.7135925
-16.187439,-16.919342,0.6848602
-16.355042,-17.90097,0.53163147
-16.237717,-18.54979,0.42149353
-15.912109,-18.832306,0.44303894
-15.325531,-18.789215,0.6680908
-14.597687,-18.566559,1.0607452
-13.845917,-18.149963,1.4629669
-13.182724,-17.661545,1.779007
-12.63205,-17.24495,1.996872
-12.148422,-16.900192,2.1165924
-11.592972,-16.59613,2.154892
-10.95372,-16.22023,2.1716614
-10.326431,-15.818008,2.154892
-9.739853,-15.425354,2.099823
-9.055115,-14.9944,2.0902557
-8.200378,-14.436554,2.0902557
-7.3312836,-13.8020935,2.0543365
-6.5842896,-13.210724,1.9777222
-5.9282837,-12.581055,1.8843536
-5.3895874,-11.946579,1.779007
-4.9873657,-11.357605,1.6329651
-4.731186,-10.833282,1.4007263
-4.443878,-10.342468,1.0942688
-4.0727844,-9.8971405,0.7327423
-3.6154938,-9.51886,0.3903656
-3.0648193,-9.162125,0.15335083
-2.5045776,-8.951431,0.002502441
-1.9251862,-8.831726,-0.10522461
-1.3649445,-8.7191925,-0.11720276
-0.948349,-8.676102,-0.009460449
-0.7137146,-8.76709,0.09588623
-0.5461273,-8.941864,0.07194519
-0.24684143,-9.0903015,0.02166748
0.18890381,-9.157333,0.036026
0.660553,-9.26268,0.20123291
1.110672,-9.454224,0.7016144
1.5679626,-9.581116,1.4940948
1.6972504,-9.858841,2.2243347
1.3764191,-10.349655,2.7510529
0.6318207,-10.931442,2.9090729
-0.40725708,-11.711945,2.4493866
-1.3098755,-12.446976,1.5755005
-1.3098755,-12.446976,1.5755005
-2.5357056,-13.3471985,-0.22494507
-2.9115906,-13.361557,-0.63435364
-3.2371979,-13.191574,-0.41168213
-3.6178741,-13.107773,0.1222229
-4.340927,-13.373535,0.6728821
-5.360855,-13.814056,1.0607452
-6.395157,-14.134888,1.2043915
-7.5323944,-14.34079,1.1732788
-8.614578,-14.417404,1.0080719
-9.541138,-14.515564,0.92427063
-10.2282715,-14.695129,0.8452606
-10.707108,-14.982437,0.72795105
-11.080612,-15.29129,0.7303467
-11.475647,-15.521133,0.8213196
-12.031113,-15.705475,0.8117523
-12.907379,-15.889832,0.6465454
-13.884216,-15.918564,0.40953064
-14.691071,-15.679138,0.028839111
-15.157928,-15.384659,-0.3973236
-15.311157,-15.202698,-0.84025574
-15.174698,-15.01355,-1.3310547
-14.801193,-14.745407,-1.6470947
-14.439667,-14.508377,-1.6470947
-14.288834,-14.271347,-1.4268341
-14.583328,-14.055878,-0.8929291
-15.196243,-13.675201,-0.26324463
-15.998291,-13.138901,0.2826233
-16.575302,-12.394302,0.56993103
-16.994293,-11.55394,0.58670044
-17.034988,-10.617798,0.43585205
-16.733322,-9.693634,0.1509552
-16.378983,-8.8532715,-0.03100586
-15.9552,-8.130234,-0.09565735
-15.390167,-7.459854,0.05996704
-14.715012,-6.8062286,0.44543457
-14.166733,-6.2435913,0.8883667
-13.963226,-5.7886963,1.3887482
-13.75972,-5.242813,1.9298401
-13.675919,-4.692154,2.4613495
-13.565796,-4.1654205,2.8372498
-13.302429,-3.593216,3.1173706
-13.072586,-3.0904388,3.2394714
-13.017517,-2.7743988,3.3041077
-13.084549,-2.5589142,3.363968
-13.151596,-2.3817444,3.3927002
-13.283279,-2.2763977,3.3687592
-13.455658,-2.2213287,3.3160858
-13.721405,-2.2548523,3.217926
-14.23616,-2.46315,3.0239868
-14.820358,-2.783966,2.7821808
-15.466782,-3.2508392,2.4924774
-16.156311,-3.8733368,2.0830688
-16.908096,-4.503006,1.7047882
-17.269623,-4.8286285,1.5371857
-18.256027,-5.910797,1.0583496
-18.69896,-6.626663,0.77104187
-18.888107,-7.253952,0.54599
-18.849792,-7.9123535,0.46218872
-18.607971,-8.769485,0.4837494
-18.191391,-9.942642,0.5388031
-17.79634,-11.374374,0.6944275
-17.588043,-12.992844,0.9817352
-17.451584,-14.711884,1.1684875
-17.125961,-16.304031,1.3863525
-16.618393,-17.515503,1.7311249
-16.242508,-18.406143,2.063919
-15.981537,-19.32312,2.3224945
-15.924072,-19.734924,2.3703766
-15.885773,-19.857025,2.3488312
-15.648743,-19.93843,2.2051697
-15.198639,-19.72055,2.0495453
-14.686279,-19.385376,1.9130859
-14.152374,-18.995117,1.9035034
-13.130051,-18.281647,2.1524963
-12.785278,-18.075745,2.2506714
-12.215454,-17.714218,2.4374084
-11.655212,-17.369446,2.573883
-10.987228,-17.022293,2.712738
-9.873932,-16.325577,3.0934296
-9.526764,-16.055038,3.1556702
-8.645706,-15.308044,3.1293335
-8.104614,-14.8220215,2.901886
-7.8053436,-14.546692,2.755844
-6.921875,-13.718292,2.2123566
-6.2802277,-13.160446,1.668869
-5.5547943,-12.578659,1.0607452
-4.8628693,-12.01123,0.48135376
-4.2978363,-11.503662,-0.15072632
-3.7806854,-10.988907,-0.60562134
-3.1749573,-10.56752,-0.87376404
-2.4064178,-10.179657,-0.98150635
-1.5995636,-9.937851,-0.94558716
-0.8118744,-9.904327,-0.93362427
-0.45513916,-9.942642,-0.9360199
0.6342163,-10.059952,-0.85461426
1.4147339,-10.007278,-0.5337982
2.2359467,-9.887573,-0.04058838
2.7722473,-9.820526,0.5555725
2.9350433,-9.887573,1.1996155
2.9422302,-9.983337,1.7143707
2.889557,-10.09108,2.039978
2.7698517,-10.263458,2.095047
2.4370575,-10.629776,1.8149261
1.8289337,-11.194809,1.3384705
1.0388489,-11.893906,0.8093567
0.2798767,-12.614563,0.33052063
-0.29711914,-13.129318,-0.014251709
-0.7999115,-13.419022,-0.12438965
-1.3625488,-13.536331,0.03842163
-2.0496826,-13.5914,0.4262848
-3.0073547,-13.766174,0.8668213
-4.458252,-14.175583,1.2043915
-6.1988373,-14.723862,1.4318542
-6.9865265,-14.948914,1.4964905
-8.76062,-15.454086,1.482132
-9.636902,-15.844345,1.3336792
-10.197144,-16.25615,1.2091827
-10.640076,-16.663162,1.1134186
-11.169189,-17.074966,0.97454834
-11.772537,-17.46762,0.9003296
-12.639236,-17.714218,0.93385315
-13.714233,-17.874634,0.9314575
-14.753311,-17.867447,0.89315796
-15.493118,-17.62085,0.7902069
-16.129974,-17.331146,0.6058502
-16.64473,-16.998352,0.28501892
-16.841064,-16.543457,-0.023834229
-16.841064,-16.126862,-0.33746338
-16.695007,-15.66478,-0.5816803
-16.457993,-15.106934,-0.6535034
-16.364609,-14.505981,-0.6726532
-16.446014,-14.230652,-0.67025757
-16.841064,-13.67041,-0.6295624
-17.47792,-12.4661255,-0.5720978
-17.700577,-11.5802765,-0.87615967
-17.640717,-10.653717,-1.3334503
-17.327087,-9.787018,-1.8529968
-16.824295,-9.047211,-2.185791
-16.144348,-8.345703,-1.9966431
-15.435654,-7.6992645,-1.3310547
-14.8849945,-7.1102905,-0.42845154
-14.425308,-6.4423065,0.5268402
-14.221802,-6.083191,0.9817352
-13.848312,-4.99382,2.2506714
-13.714233,-4.620331,2.585846
-13.271301,-3.6817932,3.5052338
-13.086945,-3.348999,4.055893
-13.098923,-3.1909943,4.594589
-12.93132,-2.9324188,5.0494843
-12.658386,-2.6379242,5.2434235
-12.646408,-2.4463959,5.0063934
-12.962448,-2.3195038,4.3120728
-13.240173,-2.2165527,3.2562256
-13.388611,-2.142334,2.2243347
-13.589737,-2.1973877,1.3528442
-13.965622,-2.4966736,0.8237152
-14.195465,-2.7169342,0.67767334
-15.224976,-3.7344666,0.8213196
-15.684662,-4.1797943,1.0224457
-17.243286,-5.5444946,1.5731049
-17.793945,-5.9754486,1.5922546
-19.43158,-7.3401337,0.93385315
-19.917603,-8.034454,0.11982727
-19.903244,-8.307404,-0.30873108
-19.558472,-8.889191,-1.007843
-18.813873,-10.452606,-1.3693695
-18.181808,-11.905884,-0.78518677
-17.396515,-13.344803,0.07673645
-16.721344,-14.843567,1.0128632
-16.127579,-16.110107,1.8963165
-15.646347,-17.12764,2.585846
-15.445236,-17.970398,2.9402008
-15.4739685,-18.698227,2.9114685
-15.622406,-19.296783,2.585846
-15.627197,-19.490707,2.3655853
-15.440445,-19.89534,1.5228271
-15.246521,-20.117996,1.0703278
-14.758102,-20.065323,0.68006897
-14.0589905,-19.734924,0.5268402
-13.649582,-19.505081,0.5627594
-12.806824,-18.956802,0.8715973
-12.076599,-18.322342,1.4342346
-11.159622,-17.489166,2.2195435
-10.857941,-17.261719,2.4350128
-10.185181,-16.85231,2.7462616
-9.122147,-16.20108,2.8252716
-8.413467,-15.655197,2.5547333
-7.7622375,-15.087784,2.209961
-7.0583496,-14.398239,1.8604126
-6.4167023,-13.682373,1.4725494
-5.763092,-12.983276,1.1277771
-5.1238403,-12.303314,0.8189392
-4.6138763,-11.711945,0.49331665
-4.1398163,-11.197205,0.24671936
-3.6226654,-10.675262,0.11024475
-3.067215,-10.280212,0.08390808
-2.4495087,-10.002487,0.11503601
-1.7073059,-9.803772,0.15812683
-1.008194,-9.61702,0.10784912
-0.39050293,-9.482956,-0.04298401
0.11468506,-9.427887,-0.339859
0.43070984,-9.32254,-0.5649109
0.5863342,-9.154938,-0.6032257
0.6629486,-8.972992,-0.56251526
0.78504944,-8.870041,-0.4045105
0.9813843,-8.872421,-0.22254944
1.249527,-9.08551,0.007293701
1.5871124,-9.504501,0.31375122
1.9342804,-10.043198,0.7327423
1.9534302,-10.708786,1.1014404
1.4817657,-11.6640625,1.2451019
0.94306946,-12.54274,1.103836
0.600708,-13.122131,0.8907623
0.39720154,-13.419022,0.74949646
0.16256714,-13.483658,0.82850647
-0.4790802,-13.486053,1.2498932
-1.72406,-13.675201,1.8556213
-3.1845245,-14.053482,2.221939
-5.664917,-14.869904,2.384735
-7.285797,-15.322403,2.118988
-8.578674,-15.530701,1.6856384
-9.33284,-15.612106,1.2905884
-9.562683,-15.710266,1.075119
-9.907455,-16.136444,0.6465454
-10.146866,-16.567398,0.37600708
-10.491638,-16.883423,0.328125
-11.03273,-17.137207,0.3975525
-11.695923,-17.288055,0.52923584
-12.830765,-17.355087,0.68006897
-13.551422,-17.295227,0.62020874
-13.853088,-17.232986,0.52923584
-14.604874,-17.132431,-0.05255127
-14.9640045,-17.043839,-0.41407776
-15.033432,-16.895401,-0.48112488
-14.691071,-16.332764,-0.57688904
-14.561783,-16.198685,-0.62716675
-14.578537,-16.150803,-0.6941986
-14.899353,-15.72464,-0.99108887
-15.581711,-15.286499,-1.1395264
-15.993515,-15.042282,-1.2089539
-17.27919,-14.02475,-1.2927551
-17.997452,-13.150864,-1.4364014
-18.44757,-12.176422,-1.6973724
-18.569672,-11.180435,-2.00383
-18.34462,-10.093475,-2.1881866
-17.837051,-9.10228,-2.1474915
-17.245682,-8.324158,-1.730896
-16.898514,-7.9722137,-1.3981018
-15.780426,-6.7703247,-0.08607483
-15.256088,-6.013748,0.9530029
-15.066956,-5.668991,1.4126892
-14.786835,-4.7352448,2.4182587
-14.561783,-4.08403,2.8923035
-14.363052,-3.507019,3.2274933
-14.169128,-3.0114288,3.2873535
-14.0039215,-2.6307373,3.1580658
-13.922531,-2.3745575,3.0311737
-13.965622,-2.166275,2.9378052
-14.085327,-2.0513458,2.597824
-14.221802,-2.0369873,2.075882
-14.346298,-2.0824738,1.4462128
-14.506714,-2.2859802,0.86442566
-14.892181,-2.6690521,0.36642456
-15.517059,-3.1478882,0.19404602
-16.42926,-3.8158722,0.28981018
-17.420456,-4.5365295,0.33052063
-18.440384,-5.312256,0.16291809
-19.230469,-5.977844,-0.38056946
-19.230469,-5.977844,-0.38056946
-19.572845,-6.9833984,-1.3190918
-19.010208,-8.309784,-1.6686401
-18.739655,-8.893982,-1.6159668
-17.944778,-11.223541,-1.031784
-17.45636,-12.949753,-0.30873108
-17.070908,-14.800476,0.51008606
-16.697403,-16.622467,1.3432617
-16.307144,-18.19545,2.0303955
-15.957596,-19.28003,2.5643005
-15.888168,-20.09645,2.901886
-16.118011,-20.781189,2.9665375
-16.201813,-21.214539,2.7223206
-15.988724,-21.334244,2.391922
-15.512268,-21.152283,2.0256042
-15.20343,-20.984695,1.8460388
-14.231384,-20.362198,1.5084686
-13.520294,-19.818726,1.5276184
-12.840347,-19.232147,1.6976013
-12.210678,-18.717392,1.8604126
-11.916183,-18.45642,1.9442139
-11.365524,-17.865051,2.1357422
-10.738235,-17.122849,2.3631897
-10.3862915,-16.840332,2.4565735
-9.828445,-16.47641,2.5355682
-9.143692,-16.031097,2.482895
-8.607391,-15.695908,2.2530518
-8.300934,-15.492401,2.10701
-7.1445465,-14.762161,1.723938
-6.30896,-14.216293,1.4246674
-5.2363586,-13.567459,1.0727234
-4.0895386,-12.868347,0.70401
-3.0456696,-12.138123,0.40234375
-2.2771301,-11.575485,0.1222229
-1.6091461,-11.0703125,-0.13395691
-1.0632629,-10.545975,-0.29437256
-0.7568054,-10.184448,-0.30155945
-0.7041321,-10.100647,-0.2823944
-0.53175354,-10.014465,-0.08847046
-0.31866455,-9.916306,0.28501892
-0.16783142,-9.882782,0.5268402
0.18411255,-9.827713,0.9793396
0.55999756,-9.729553,1.3217163
0.9837799,-9.621811,1.5204315
1.8552704,-9.372818,1.6473236
2.2862244,-9.36084,1.7047882
2.3700104,-9.485352,1.6856384
2.2048187,-9.964188,1.561142
1.6397858,-10.759064,1.3001709
1.170517,-11.594635,0.87638855
1.0627899,-12.145309,0.6345825
1.2207947,-12.370361,0.70880127
1.3740234,-12.320084,1.0679321
1.0292664,-12.334442,1.5587463
0.27268982,-12.56189,1.9011078
-0.73765564,-13.136505,2.1812286
-1.8749084,-13.94574,2.3320618
-3.984192,-15.116501,2.4517822
-5.925888,-15.846741,2.1812286
-7.953781,-16.361496,1.6832428
-9.66803,-16.718231,1.09906
-10.810059,-17.010315,0.58909607
-11.353546,-17.28566,0.1844635
-11.571426,-17.412552,0.01927185
-11.899429,-17.695068,-0.13156128
-12.241791,-18.035034,-0.22254944
-12.447693,-18.233765,-0.17944336
-12.794861,-18.358261,-0.13874817
-13.44368,-18.482758,-0.08847046
-14.284042,-18.489944,-0.05973816
-15.208206,-18.355865,-0.1124115
-16.003082,-18.03743,-0.17227173
-16.568115,-17.668732,-0.2273407
-16.795563,-17.517899,-0.22254944
-16.814728,-17.024689,-0.23451233
-16.417282,-16.562607,-0.18183899
-16.25447,-16.143616,-0.16508484
-16.505875,-15.695908,-0.09326172
-16.632767,-15.463669,-0.05973816
-17.075684,-14.49881,-0.3757782
-17.45398,-13.818848,-0.6750488
-17.334259,-12.983276,-0.849823
-16.903305,-12.116577,-0.8522186
-16.424469,-11.371979,-0.64152527
-15.758881,-10.50528,-0.023834229
-15.229767,-9.542801,1.0822906
-15.296799,-8.625824,2.1620789
-15.727753,-7.637024,2.688797
-16.450806,-6.688919,2.446991
-17.15709,-5.771942,1.6185913
-17.509033,-4.9866333,0.46458435
-17.389328,-4.4024506,-1.0916443
-16.989502,-3.9595337,-3.418808
-16.721344,-3.7655945,-4.3884583
-16.469955,-3.6458893,-4.778717
-15.799576,-3.423233,-5.3629
-15.193848,-3.3992767,-5.609497
-14.786835,-3.4998474,-5.3581085
-14.561783,-3.648285,-4.6470337
-14.5905,-3.9786835,-3.6773834
-14.832321,-4.582016,-2.702942
-15.387772,-5.4128113,-1.864975
-16.989502,-7.3305664,-1.2879639
-17.978302,-8.678497,-1.2472687
-17.978302,-8.678497,-1.2472687
-18.34462,-10.148544,-1.6231537
-17.913666,-10.818909,-2.2073364
-17.051743,-11.941803,-2.7340698
-16.857819,-12.461334,-2.6287231
-16.814728,-13.837997,-1.8865204
-16.76445,-15.399017,-0.6295624
-16.41249,-17.802795,1.3839569
-15.924072,-19.332703,2.42305
-15.409317,-20.477127,3.4693146
-15.1770935,-20.896103,3.88591
-14.928085,-21.645493,4.692749
-14.758102,-22.174622,5.104553
-14.580933,-22.437973,5.059067
-14.406158,-22.485855,4.8316193
-13.956039,-22.251236,4.1851807
-13.54184,-21.978287,3.6105652
-13.271301,-21.786758,3.2921448
-12.682327,-21.3965,2.7510529
-11.822815,-20.764435,2.2913666
-11.535507,-20.522614,2.2506714
-10.85556,-19.828293,2.2147522
-10.501205,-19.42128,2.1812286
-10.127716,-18.923294,2.1046143
-9.56987,-18.327133,2.0447693
-8.892303,-17.65915,1.9513855
-8.128555,-17.034256,1.8412628
-8.128555,-17.034256,1.8412628
-6.22995,-15.597748,1.8460388
-5.2291718,-14.850754,1.8412628
-4.1398163,-14.106155,1.8125305
-2.897232,-13.270584,1.7071838
-1.7264557,-12.42543,1.5036774
-0.65385437,-11.604218,1.2283478
0.09074402,-10.847641,0.89315796
0.3373413,-10.423874,0.44543457
0.09552002,-10.3233185,-0.13874817
-0.07446289,-10.028824,-0.715744
-0.15586853,-9.691238,-1.0437622
-0.13671875,-9.466187,-1.2400818
0.1098938,-9.274658,-1.220932
0.56718445,-9.219589,-0.82588196
1.2375641,-9.186066,-0.27522278
2.0467987,-9.217194,0.43107605
2.870407,-9.315353,1.1613007
3.6245728,-9.36084,1.7957611
4.120178,-9.461395,2.3344574
3.9908905,-9.949814,2.5595093
3.3253021,-10.854828,2.3631897
2.4897308,-11.965744,1.9178772
1.8696289,-12.954544,1.348053
1.6828766,-13.478867,0.94821167
1.6876678,-13.593796,0.8500519
1.2207947,-13.701538,0.9027252
0.24157715,-13.835602,1.3025665
-1.2356567,-14.209106,1.644928
-2.9953918,-14.865112,1.6976013
-5.0304565,-15.719849,1.5755005
-6.744705,-16.284882,1.2642517
-7.7502747,-16.576965,0.9649811
-8.291367,-16.916946,0.5938721
-8.6193695,-17.295227,0.39994812
-8.966522,-17.697464,0.34248352
-9.433395,-18.185867,0.33052063
-9.979279,-18.578522,0.49571228
-10.65683,-18.918503,0.68725586
-11.427765,-19.198624,0.69921875
-12.483612,-19.418884,0.48135376
-13.544235,-19.435654,0.14376831
-14.2170105,-19.090881,-0.26564026
-14.595291,-18.662323,-0.54815674
-14.693451,-18.346283,-0.8689728
-14.6671295,-18.149963,-0.8929291
-14.549805,-17.79802,-0.78518677
-14.542618,-17.529861,-0.4882965
-14.65036,-17.3096,-0.06692505
-15.050201,-17.103699,0.30895996
-15.751694,-16.83075,0.58909607
-16.357422,-16.270508,0.64894104
-16.771622,-15.360718,0.24432373
-17.224136,-14.405426,-0.8282776
-17.425247,-13.35437,-2.3390198
-17.015839,-12.200363,-3.7204742
-16.27124,-11.204376,-4.1155243
-15.502701,-10.48851,-3.1961517
-14.942459,-9.916306,-1.5393524
-14.47319,-9.327332,0.45741272
-14.135605,-8.656952,2.3536224
-13.867462,-7.9362946,3.9673004
-13.690292,-7.1725464,5.353546
-13.836334,-6.4375305,6.418976
-14.327148,-5.819824,7.012726
-14.849075,-5.202118,7.194687
-15.196243,-4.6107483,7.0270996
-15.349472,-4.134308,6.538681
-15.361435,-3.8948822,5.7653503
-15.112442,-3.6147614,4.9872437
-14.743744,-3.411255,4.1636353
-14.540222,-3.380127,3.249054
-14.576141,-3.4854736,2.3488312
-14.674301,-3.7464447,1.6904144
-14.782043,-4.151062,1.4390259
-15.066956,-4.778351,1.3839569
-15.679871,-5.6187134,1.451004
-16.390945,-6.499771,1.4940948
-17.219345,-7.376053,1.2570648
-18.076462,-8.17572,0.8500519
-18.488266,-8.637802,0.26107788
-18.574463,-9.097488,-0.29916382
-18.519394,-9.966583,-0.6535034
-18.397293,-11.127762,-0.6439209
-18.145905,-12.660049,-0.46435547
-17.801132,-14.4748535,-0.20578003
-17.389328,-16.45726,0.15335083
-16.936829,-18.439667,0.7016144
-16.472351,-20.0318,1.2738342
-16.256866,-21.252853,1.7119751
-16.216171,-22.196167,1.9442139
-16.065338,-22.706131,2.0663147
-15.77803,-22.840195,2.2506714
-15.569733,-23.010193,2.3488312
-15.014282,-22.923996,2.4086761
-14.200256,-22.526566,2.4900818
-13.359894,-22.016602,2.5164185
-12.320801,-21.192993,2.4350128
-12.069412,-20.917664,2.4110718
-11.609726,-20.422058,2.4110718
-11.042297,-19.983917,2.5643005
-10.199539,-19.385376,2.5523376
-9.335236,-18.877792,2.312912
-8.458954,-18.224182,2.154892
-7.668869,-17.46283,2.039978
-6.696823,-16.55542,1.9442139
-6.347275,-16.248962,1.9394226
-5.502121,-15.521133,1.8412628
-4.0249023,-14.417404,1.158905
-3.0073547,-13.6440735,0.5627594
-2.4878235,-13.225082,0.28741455
-0.89567566,-11.350433,-0.07649231
-0.65145874,-10.797363,-0.10762024
-0.53175354,-10.052765,-0.29437256
-0.63230896,-9.612244,-0.6295624
-0.596405,-8.996933,-1.0677032
-0.48866272,-8.702438,-1.031784
-0.6371002,-8.477386,-0.8713684
-0.7256775,-8.518082,-0.6128082
-0.75201416,-8.573151,-0.47633362
-0.6083679,-8.613861,0.1557312
-0.4671173,-8.594696,0.38557434
-0.14149475,-8.599487,0.8668213
0.03567505,-8.611465,1.0822906
0.6222534,-8.7191925,1.6138
1.1250305,-9.047211,1.9585724
1.2543182,-9.5212555,2.2362976
1.1537628,-10.172485,2.5044556
0.9047699,-10.98172,2.5116272
0.46183777,-11.8220825,2.3895264
0.09074402,-12.418243,2.2746124
-0.03137207,-12.571472,2.2243347
-0.43359375,-12.722305,2.0543365
-0.94595337,-12.6026,1.9992676
-1.7719574,-12.612167,1.9130859
-2.8493347,-12.830048,1.7406921
-4.170944,-13.1341095,1.4916992
-5.5092926,-13.598587,1.1708832
-6.5603485,-13.885895,0.8500519
-7.364807,-14.170792,0.46218872
-8.023209,-14.393463,0.24911499
-8.432617,-14.601761,0.12701416
-8.889908,-14.83638,0.17489624
-9.289749,-15.159607,0.2993927
-9.438187,-15.339172,0.43347168
-10.051102,-15.7078705,0.8811798
-10.678375,-16.011932,0.84288025
-11.310455,-16.301636,0.64894104
-11.94252,-16.665558,0.31854248
-12.464462,-16.938492,-0.12199402
-12.730209,-17.034256,-0.5433655
-12.94809,-17.079758,-0.7588501
-12.914566,-17.000748,-0.8665924
-12.976822,-17.02948,-0.8067322
-13.046249,-17.060593,-0.7420807
-13.481995,-17.163544,-0.19142151
-13.867462,-17.122849,0.30178833
-14.3510895,-16.96962,0.6537323
-14.863449,-16.600906,0.91470337
-15.347076,-16.05983,1.1206055
-15.773239,-15.403809,1.1780548
-16.17308,-14.575424,1.0296173
-16.441223,-13.584213,0.759079
-16.426865,-12.530762,0.2706604
-16.125198,-11.393524,-0.38294983
-16.007874,-10.419083,-0.7588501
-16.077301,-9.652939,-0.66786194
-16.08928,-8.913132,-0.16029358
-15.900131,-8.235565,0.65133667
-15.464386,-7.725601,1.6616974
-14.9664,-7.2874603,2.5212097
-14.78923,-6.834961,3.0431519
-14.6479645,-6.3202057,3.249054
-14.580933,-6.0975494,3.186798
-14.205048,-5.5157623,2.5954285
-13.812393,-5.206909,1.9418182
-13.381439,-4.938751,1.2786255
-12.967239,-4.7256775,0.69921875
-12.615295,-4.5054016,0.328125
-12.421356,-4.328232,0.24671936
-12.335175,-4.1773987,0.3784027
-12.545853,-4.194153,0.68006897
-12.840347,-4.3234406,0.9889221
-13.113281,-4.541321,1.237915
-13.599304,-5.051285,1.4677582
-14.286438,-5.910797,1.5970459
-14.973587,-6.7894745,1.6281738
-15.631989,-7.546036,1.2714386
-15.89534,-7.8764343,0.95539856
-16.268845,-8.656952,-0.26324463
-16.180252,-8.855667,-0.715744
-15.663116,-9.842087,-1.6901855
-15.215393,-10.897919,-1.7476501
-14.674301,-12.2482605,-1.4100647
-14.240952,-13.895462,-0.6941986
-14.0781555,-14.826813,-0.23690796
-13.584946,-17.752518,0.96977234
-12.873871,-19.24411,1.609024
-12.014343,-20.015045,2.3727722
-11.305664,-20.295166,3.2155304
-10.891464,-20.18982,4.0654755
-10.800491,-20.060532,4.388687
-10.8172455,-19.414093,5.0901947
-10.881882,-19.229752,5.1644135
-11.003998,-19.002304,5.226654
-10.915405,-18.901733,4.9920197
-10.649658,-18.77246,4.628113
-10.264191,-18.518661,4.115753
-9.780563,-18.205032,3.4765015
-9.251434,-17.893784,2.854004
-8.717529,-17.532257,2.415863
-8.162079,-17.115662,2.0806732
-7.582672,-16.627243,1.7622528
-7.3217163,-16.387833,1.589859
-6.6752777,-15.710266,1.1972198
-6.1198273,-15.303253,0.96258545
-5.454239,-14.841171,0.69203186
-4.759918,-14.316849,0.407135
-4.4079742,-14.010391,0.30418396
-3.75914,-13.392685,0.18925476
-2.925949,-12.396698,0.16052246
-2.471054,-11.699982,0.2419281
-2.320221,-11.357605,0.28741455
-2.1119232,-10.411896,0.38557434
-2.1310883,-9.89476,0.5052948
-2.3226166,-9.605057,0.50289917
-2.4255676,-9.391968,0.31375122
-2.3728943,-9.327332,0.18685913
-2.0592499,-9.332123,0.24432373
-1.4631042,-9.332123,0.5771179
-0.7161102,-9.430283,1.0439911
0.002151489,-9.533234,1.6545105
0.31819153,-9.57872,1.9705505
0.7994232,-9.557175,2.6145782
1.189682,-9.4422455,3.296936
1.2806549,-9.432678,3.3591766
1.0460205,-9.767853,3.012024
0.55999756,-10.416687,2.4374084
0.32536316,-10.806946,2.1285553
-0.1247406,-11.843628,1.3360748
-0.12953186,-12.126144,1.2043915
-0.02178955,-12.856384,0.84765625
-0.067276,-12.949753,0.8093567
-0.80947876,-12.935394,0.97216797
-1.889267,-12.995239,0.9194946
-3.1079102,-13.141296,0.58670044
-4.3193817,-13.476486,0.09588623
-5.2866364,-13.811661,-0.33746338
-5.858856,-14.0439,-0.47633362
-6.225174,-14.328812,-0.3590088
-6.404724,-14.699921,-0.00466919
-6.5603485,-15.082993,0.5483856
-7.012863,-15.525909,1.158905
-7.764633,-15.961655,1.6377563
-8.798935,-16.239395,1.8316803
-10.103775,-16.330368,1.6042328
-11.281723,-16.160385,1.0439911
-12.272919,-15.856308,0.32333374
-13.063004,-15.540283,-0.36140442
-13.513123,-15.19072,-0.9551697
-13.4939575,-14.707092,-1.5393524
-13.158768,-14.271347,-1.9104614
-12.756546,-13.821243,-2.094818
-12.5290985,-13.555481,-2.0900269
-12.433334,-13.562668,-1.7787781
-12.517136,-13.488449,-1.3190918
-12.55304,-13.404648,-1.1083984
-12.706268,-13.19397,-0.8306732
-12.859497,-12.930603,-0.82588196
-13.022308,-12.652878,-1.0892487
-13.276093,-12.059113,-1.972702
-13.369461,-11.491684,-2.4730988
-13.448471,-11.201981,-2.647873
-13.860275,-10.222763,-2.9591217
-14.032654,-9.487732,-2.9040527
-14.264893,-8.814972,-2.8465881
-14.379822,-8.082336,-2.7532196
-14.307999,-7.2922516,-2.5545044
-14.207428,-6.605118,-2.31987
-14.0039215,-5.9826202,-1.972702
-13.69986,-5.451111,-1.5010529
-13.359894,-4.9483337,-0.96954346
-13.211441,-4.7424316,-0.7397003
-12.976822,-4.4096375,-0.24649048
-12.8810425,-4.143875,0.16052246
-13.031876,-3.8805237,0.5531769
-13.156387,-3.811081,0.6058502
-13.481995,-3.7248993,0.6561279
-13.481995,-3.7248993,0.6561279
-13.64241,-3.45195,-0.10282898
-13.623245,-3.593216,-0.5098572
-13.556213,-3.8757324,-0.7875824
-13.376648,-4.2444305,-0.9862976
-13.388611,-4.807068,-1.1227722
-13.812393,-5.6546173,-1.220932
-14.4300995,-6.641037,-1.3549957
-14.968796,-7.569977,-1.5321808
-15.351868,-8.424713,-1.9391937
-15.531433,-9.195648,-2.5090027
-15.356659,-9.760681,-3.0165863
-15.011887,-10.23233,-3.2009277
-14.760498,-10.92186,-3.0740356
-14.535446,-11.79335,-2.5353394
-14.343903,-12.717514,-1.5824585
-14.121246,-13.696747,-0.59124756
-14.07576,-14.24501,-0.17706299
-14.248138,-15.683929,0.40953064
-14.365448,-17.338333,0.67767334
-13.745361,-18.96399,0.75668335
-13.153992,-19.18425,0.71598816
-12.940903,-19.12201,0.69203186
-12.814011,-18.662323,0.39994812
-13.086945,-18.200241,0.1844635
-13.30722,-17.786041,0.18925476
-13.343124,-17.508316,0.2826233
-13.230606,-17.400574,0.38796997
-12.701477,-17.118057,0.6345825
-12.184341,-16.928925,0.6752777
-11.559448,-16.751755,0.71598816
-11.2099,-16.63443,0.6968231
-10.46051,-16.387833,0.6178131
-9.069473,-15.633652,0.54359436
-8.279388,-15.003983,0.5076904
-7.767029,-14.532318,0.45980835
-7.3815613,-14.079819,0.37361145
-7.008072,-13.560272,0.3975525
-6.601059,-13.03595,0.43347168
-6.2108,-12.52359,0.4765625
-5.755905,-12.016022,0.5771179
-5.511688,-11.771805,0.6393738
-4.652176,-11.101425,0.7806244
-4.0249023,-10.617798,0.8715973
-3.3449402,-10.122208,0.8021698
-2.7128754,-9.662521,0.55078125
-2.7128754,-9.662521,0.55078125
-1.7647705,-9.176498,-0.20817566
-1.3745117,-9.054382,-0.552948
-0.9603119,-8.860458,-0.66308594
-0.5987854,-8.680893,-0.710968
-0.2899475,-8.580338,-0.42126465
0.06440735,-8.448654,0.07911682
0.36367798,-8.316971,0.759079
0.49775696,-8.393585,1.4294586
0.6318207,-8.62822,2.0303955
0.8377228,-8.807785,2.6457062
0.9167328,-9.073547,3.170044
0.72520447,-9.607452,3.375946
0.12425232,-10.387955,3.1437073
-0.6442871,-11.187622,2.7223206
-1.324234,-11.79335,2.2698212
-1.9299622,-12.288956,1.699997
-2.2603607,-12.468521,1.1636963
-2.5955505,-12.375153,0.8237152
-3.1605835,-12.284164,0.77104187
-4.0033417,-12.260223,0.95539856
-5.016098,-12.423035,0.88597107
-6.15094,-12.830048,0.5172577
-7.1373596,-13.378311,0.14137268
-7.7622375,-13.816452,-0.08847046
-8.118973,-14.211502,-0.11001587
-8.312912,-14.5251465,-0.0262146
-8.645706,-14.778931,0.14376831
-9.189194,-15.018341,0.33291626
-9.854782,-15.147629,0.46458435
-10.695145,-15.195511,0.4262848
-11.54747,-15.178757,0.28024292
-12.189117,-15.135666,0.002502441
-12.543472,-14.989609,-0.26564026
-12.703873,-14.666397,-0.7325134
-12.646408,-14.537109,-0.8809509
-12.500366,-14.309662,-1.1491089
-12.284897,-14.278534,-1.244873
-11.904221,-14.350357,-1.1921997
-11.767746,-14.381485,-1.1371307
-11.655212,-14.417404,-1.0341797
-11.588181,-14.436554,-0.4452057
-11.885056,-14.376694,0.05757141
-12.399811,-14.20192,0.42149353
-12.885834,-13.797302,0.55796814
-13.448471,-13.2729645,0.44303894
-13.968018,-12.801315,0.22996521
-14.245743,-12.197968,-0.13635254
-14.391785,-11.515625,-0.2895813
-14.3750305,-10.811737,-0.2967682
-14.396576,-10.115021,-0.260849
-14.542618,-9.437454,-0.22494507
-14.554596,-8.23317,-0.25605774
-14.446854,-7.380844,-0.32070923
-14.370239,-6.985794,-0.33267212
-14.135605,-6.277115,-0.30395508
-13.805206,-5.680954,-0.13395691
-13.379044,-5.202118,0.11982727
-13.017517,-4.838196,0.38796997
-12.758942,-4.5437164,0.5555725
-12.572189,-4.2755585,0.62979126
-12.5290985,-3.8924866,0.76387024
-12.519516,-3.7655945,0.76626587
-12.588959,-3.5908203,0.69921875
-12.732605,-3.4375916,0.62979126
-12.928925,-3.380127,0.5076904
-13.1875,-3.5549011,0.31614685
-13.350311,-3.8996735,0.3688202
-13.436508,-4.4647064,0.6034546
-13.987167,-5.7815094,1.2546692
-14.750916,-6.7894745,1.5012817
-14.750916,-6.7894745,1.5012817
-15.897736,-7.751938,1.4749451
-16.692612,-8.261902,0.87638855
-17.13794,-8.642578,0.02645874
-17.06372,-8.850876,-0.8665924
-16.647125,-9.202835,-1.5202026
-16.197021,-9.954605,-1.6901855
-15.81395,-11.0703125,-1.2352905
-15.308762,-12.279373,-0.41886902
-14.535446,-14.388672,1.0296173
-14.255325,-15.044678,1.4701538
-13.884216,-16.251358,2.1477203
-13.972809,-17.977585,2.5164185
-13.99675,-18.339096,2.4685364
-13.829147,-18.841888,2.0687103
-13.604095,-18.920898,1.6664734
-13.467621,-18.901733,1.4677582
-12.885834,-18.638382,0.99850464
-12.421356,-18.281647,0.89315796
-11.973648,-17.881805,0.9314575
-11.559448,-17.510712,1.0296173
-11.231445,-17.232986,1.1397552
-11.030334,-17.134827,1.1660919
-10.120529,-16.655975,1.3791809
-9.792526,-16.411774,1.4916992
-9.284958,-16.007156,1.6593018
-8.739075,-15.504364,1.7837982
-8.317703,-15.05426,1.8149261
-7.9106903,-14.549088,1.6521149
-7.53479,-14.094177,1.5276184
-7.0583496,-13.550705,1.4605713
-6.8476562,-13.313675,1.4366302
-6.1916504,-12.6241455,1.4414215
-5.949829,-12.36557,1.4677582
-5.3464966,-11.565903,1.530014
-5.016098,-11.055939,1.4845276
-4.7575226,-10.601044,1.316925
-4.5037384,-10.174881,1.0391998
-4.2116394,-9.801376,0.7111969
-3.9363098,-9.566742,0.35206604
-3.704071,-9.415909,0.07673645
-3.304245,-9.284225,0.06236267
-2.6745605,-9.178894,0.33052063
-2.016159,-9.095093,0.80696106
-1.4750671,-9.2243805,1.1708832
-0.948349,-9.310562,1.3408661
-0.522171,-9.336899,1.3887482
-0.02658081,-9.279449,1.5132446
0.6294403,-9.078323,1.7191467
1.3022003,-9.025665,2.095047
1.5871124,-9.130997,2.288971
2.0300446,-10.0312195,2.5666962
2.0898895,-10.840469,2.4015045
2.1760864,-11.568298,1.7837982
2.2120056,-12.04953,1.1301727
1.862442,-12.348816,0.55796814
0.99334717,-12.480484,0.29460144
-0.24684143,-12.468521,0.5675354
-1.9706726,-12.50444,1.02005
-4.0512238,-12.662445,1.4533997
-5.8875885,-12.849197,1.7885895
-7.190033,-13.100586,2.0136414
-7.843643,-13.390289,1.9537811
-8.080673,-13.687164,1.6976013
-8.075882,-13.98645,1.3576202
-8.016037,-14.302475,1.0846863
-8.152496,-14.690338,0.9601898
-8.684006,-15.097351,0.9649811
-9.572266,-15.542679,0.9793396
-10.714294,-15.923355,0.8309021
-11.717468,-16.093338,0.6345825
-12.588959,-16.189102,0.29460144
-13.142014,-16.217834,-0.04058838
-13.42453,-16.253754,-0.25367737
-13.379044,-16.29924,-0.46435547
-13.130051,-16.205872,-0.41168213
-12.924149,-16.05983,-0.15789795
-13.072586,-15.987991,0.1796875
-13.479599,-15.839554,0.6537323
-14.039841,-15.56662,1.1253967
-14.523468,-15.262558,1.3839569
-14.784439,-14.89624,1.5707092
-14.995132,-14.458099,1.589859
-15.234543,-13.974472,1.4390259
-15.514664,-13.344803,1.1876373
-15.847458,-12.662445,0.7518921
-16.091675,-11.903488,0.19883728
-16.177856,-10.988907,-0.3255005
-16.32631,-10.143753,-0.983902
-16.436432,-9.69603,-1.3023376
-16.362213,-7.823761,-2.3031006
-16.264053,-7.4095764,-2.5545044
-15.914505,-6.6434326,-2.8250427
-15.366226,-5.973053,-2.7005463
-14.655151,-5.4223785,-2.4036713
-13.8411255,-5.0297394,-1.9774933
-13.4149475,-4.8956604,-1.7596283
-12.3710785,-4.649063,-0.9360199
-11.966461,-4.4144287,-0.37338257
-11.856323,-4.0816345,0.03363037
-12.007156,-3.727295,0.16052246
-12.368683,-3.4016724,-0.009460449
-12.718246,-3.1047974,-0.2895813
-12.983994,-2.9228363,-0.46914673
-13.206665,-2.9108734,-0.5026703
-13.40538,-3.0617065,-0.35183716
-13.501144,-3.1933746,-0.2273407
-13.771698,-3.835022,0.14855957
-13.903366,-4.1654205,0.23953247
-14.39418,-4.8956604,0.4837494
-15.572128,-6.0065765,0.4765625
-16.328705,-6.6625824,0.02645874
-16.850632,-7.222824,-0.7013855
-17.204971,-7.727997,-1.4771118
-17.2361,-8.146988,-2.1714325
-17.018234,-8.7144165,-2.6215363
-16.647125,-9.576324,-2.7053375
-16.381378,-10.754272,-2.3031006
-16.328705,-11.427048,-1.9966431
-15.967178,-13.627319,-1.1155853
-15.617615,-15.195511,-0.5649109
-15.272858,-16.641617,0.012084961
-14.940063,-17.812378,0.51486206
-14.84668,-18.303192,0.74949646
-14.983154,-19.797165,1.1708832
-14.975967,-20.381363,1.2187653
-14.779648,-20.536987,1.2834015
-14.528259,-20.378967,1.3360748
-14.257721,-20.05574,1.4198761
-13.912949,-19.567322,1.5467682
-13.462845,-19.069336,1.7071838
-12.873871,-18.54979,1.8675995
-12.191513,-18.008698,2.1237793
-11.516357,-17.503525,2.379959
-10.834,-17.005539,2.5595093
-10.278549,-16.622467,2.6481018
-9.782944,-16.337555,2.605011
-9.277771,-16.033493,2.4972687
-8.755844,-15.64563,2.3751678
-8.2482605,-15.169174,2.2362976
-7.7382965,-14.632874,2.1453247
-7.1636963,-14.067841,2.095047
-6.5172577,-13.435776,2.1285553
-5.7942047,-12.849197,2.0902557
-4.9418793,-12.255432,1.8843536
-4.008133,-11.61618,1.5946503
-3.091156,-10.988907,1.2235565
-2.2627563,-10.500488,0.76864624
-1.4990082,-10.131775,0.27545166
-0.88848877,-9.858841,-0.1698761
-0.33543396,-9.6792755,-0.51942444
0.46662903,-9.210007,-0.81391907
0.65338135,-9.049606,-0.8378601
0.9071655,-8.795807,-0.7588501
1.1298218,-8.597092,-0.5960388
1.292633,-8.513306,-0.24888611
1.297409,-8.573151,-0.13395691
1.4338837,-8.618637,0.11024475
1.5847168,-8.654556,0.4837494
1.4099426,-8.877213,1.2522888
1.0220795,-9.190857,1.7909851
0.7276001,-9.423096,2.0423737
0.01651001,-10.07193,2.4206543
-0.7161102,-10.799759,2.6385193
-1.4439392,-11.613785,2.6193695
-1.8796844,-12.34642,2.3296661
-2.0137634,-12.822861,1.9777222
-2.0041962,-12.997635,1.8173065
-2.2914886,-13.014404,1.8963165
-2.7320251,-13.162842,1.9418182
-4.6114807,-13.782944,1.8652039
-5.9594116,-14.108551,1.6353607
-7.142151,-14.343185,1.2834015
-8.075882,-14.51796,0.89793396
-8.727112,-14.601761,0.57232666
-8.942581,-14.661606,0.45022583
-9.4214325,-14.963272,0.24671936
-9.8763275,-15.317627,0.23713684
-10.276154,-15.597748,0.38319397
-10.652039,-15.827591,0.45980835
-11.205109,-16.110107,0.22038269
-11.676758,-16.227417,-0.19381714
-11.849152,-16.241776,-0.39253235
-12.00238,-16.244171,-0.59124756
-12.53389,-16.009537,-1.0413666
-12.684723,-15.875473,-1.2137451
-12.806824,-15.738998,-1.244873
-12.921753,-15.580978,-1.3382416
-13.189896,-15.54747,-1.3454285
-13.501144,-15.497192,-1.1682587
-13.817184,-15.353531,-0.6822357
-14.121246,-15.181152,-0.33506775
-14.444458,-14.793289,-0.06452942
-14.765289,-14.225861,0.10784912
-15.066956,-13.555481,0.03363037
-15.349472,-12.772583,-0.26324463
-15.564941,-11.960953,-0.5960388
-15.69902,-11.151703,-0.9216461
-15.667892,-10.270645,-1.1012115
-15.45961,-9.324936,-1.201767
-15.289612,-8.477386,-1.2304993
-15.165115,-8.094315,-1.1826172
-14.47319,-6.9594574,-0.9264374
-13.903366,-6.39682,-0.75405884
-13.359894,-6.0185394,-0.45239258
-12.71106,-5.661804,-0.06932068
-12.043076,-5.305069,0.30895996
-11.770142,-5.163803,0.46697998
-11.770142,-5.163803,0.46697998
-11.080612,-4.562866,0.9889221
-11.162018,-4.3138733,0.9865265
-11.468475,-4.143875,0.9817352
-11.875488,-4.0744476,1.0032806
-12.21785,-4.036148,1.0415955
-12.385452,-4.0672607,1.0463867
-12.493179,-4.2348633,1.1780548
-12.624863,-4.562866,1.4198761
-12.84993,-5.060852,1.7622528
-13.38623,-5.752777,2.0663147
-14.214615,-6.5763855,2.336853
-15.122025,-7.143814,2.4876862
-16.077301,-7.5005493,2.08786
-16.97992,-7.7974396,1.1517334
-17.597626,-8.058395,0.031234741
-17.798737,-8.374435,-0.88334656
-17.686218,-8.9322815,-1.493866
-17.389328,-9.830109,-1.7404633
-16.96077,-11.082275,-1.5920258
-16.544174,-12.595413,-0.90249634
-16.139557,-14.130096,0.02166748
-15.624802,-15.662384,0.85723877
-15.145966,-17.034256,1.5778961
-14.636002,-18.14038,2.0902557
-14.193069,-18.899353,2.4493866
-13.730988,-19.392548,2.6337433
-13.297638,-19.584091,2.8013306
-12.859497,-19.53621,2.8492126
-12.581772,-19.459595,2.7342987
-12.380661,-19.373398,2.4278412
-12.126877,-19.107635,2.0112457
-11.770142,-18.741333,1.5802917
-11.552261,-18.537827,1.4174805
-10.63768,-17.829132,1.1301727
-9.909836,-17.34311,1.0272217
-9.543533,-17.10849,1.0320129
-8.535568,-16.428528,1.1134186
-8.217148,-16.143616,1.0822906
-7.431839,-15.243393,1.1541138
-7.0032806,-14.59697,1.3600159
-6.850052,-14.292908,1.4845276
-6.4454346,-13.454926,1.8125305
-6.1293945,-13.021576,2.0351868
-5.9857483,-12.830048,2.1692657
-5.700836,-12.494858,2.3703766
-5.1262207,-11.968124,2.336853
-4.6545715,-11.546753,2.154892
-4.1637573,-11.113403,1.7981567
-3.687317,-10.672867,1.3384705
-3.3233948,-10.325714,0.7614746
-3.1007385,-10.050369,0.13658142
-2.6937256,-9.705612,-0.07649231
-2.3298035,-9.49971,0.23234558
-2.0688324,-9.523651,0.8787842
-1.9347534,-9.585907,1.292984
-1.5397186,-9.614624,2.2051697
-0.63230896,-9.545197,2.9162598
0.08355713,-9.504501,2.9162598
0.4570465,-9.504501,2.8396454
1.510498,-9.485352,2.5044556
1.8217468,-9.494919,2.3751678
2.1114502,-9.667297,2.178833
1.886383,-10.201218,1.992096
1.1489716,-11.09903,1.7550659
0.4235382,-11.723923,1.5180359
-0.22050476,-12.291351,1.2355194
-0.6275177,-12.595413,1.1158142
-0.8549652,-12.540344,1.2881927
-1.1087646,-12.269806,1.7335205
-1.6737823,-12.193192,2.2147522
-2.7487793,-12.432602,2.4900818
-4.118271,-12.909058,2.557129
-5.3943787,-13.404648,2.5212097
-6.4717712,-13.871521,2.379959
-7.2043915,-14.16362,2.1213837
-7.8077393,-14.441345,1.8795624
-8.526001,-14.750198,1.644928
-9.318481,-15.128479,1.403122
-9.960129,-15.363113,1.3265076
-10.247421,-15.420578,1.2786255
-11.504379,-15.892227,0.7255554
-11.834778,-16.067001,0.5747223
-12.385452,-16.292053,0.26826477
-12.926544,-16.538666,-0.27043152
-13.058212,-16.509933,-0.3590088
-13.22821,-16.356705,-0.4547882
-13.254547,-16.081375,-0.34944153
-13.134827,-15.578583,-0.12916565
-13.0390625,-15.305649,-0.04777527
-13.017517,-15.195511,0.031234741
-13.036667,-14.970459,0.22277832
-13.082153,-14.620911,0.46218872
-13.36467,-14.28093,0.6154175
-13.8411255,-13.761383,0.51486206
-14.233765,-12.657669,-0.16508484
-14.477982,-11.925034,-0.7779999
-14.600082,-11.611389,-1.0988312
-14.750916,-10.926651,-1.5944214
-14.683884,-10.172485,-1.8577881
-14.341507,-9.0903015,-1.7213135
-14.238556,-8.78624,-1.572876
-14.164337,-8.197266,-1.1778259
-14.068573,-7.5963135,-0.86180115
-13.83873,-7.0025635,-0.59124756
-13.350311,-6.1406403,-0.260849
-13.007935,-5.6187134,-0.13635254
-12.83316,-5.3433685,-0.06452942
-12.548248,-4.8717194,0.007293701
-12.160385,-4.3713226,0.09828186
-12.050262,-3.9906464,0.1557312
-12.174759,-3.7057343,0.19165039
-12.2920685,-3.4375916,0.19644165
-12.541077,-3.2915497,0.19404602
-12.866684,-3.241272,0.06715393
-13.096527,-3.2364807,-0.2273407
-13.204269,-3.313095,-0.6128082
-13.271301,-3.6506805,-0.87376404
-13.417343,-4.091202,-0.76364136
-13.7070465,-4.696945,-0.40211487
-14.418121,-5.609131,0.05996704
-15.416504,-6.7104645,0.44543457
-16.307144,-7.646591,0.48135376
-17.034988,-8.305008,0.05039978
-17.590439,-8.884399,-0.75645447
-17.781982,-9.293808,-1.6016083
-17.583267,-9.681671,-2.1115723
-17.238495,-10.301773,-2.08284
-16.841064,-11.360001,-1.5920258
-16.364609,-12.660049,-0.7612457
-15.878586,-14.120514,0.14137268
-15.4739685,-15.64563,1.1158142
-15.14357,-17.058212,2.1237793
-15.14357,-17.058212,2.1237793
-14.767685,-19.258484,3.6919708
-14.882599,-20.117996,3.818863
-15.0047,-20.709366,3.7015533
-14.9664,-21.04216,3.3352356
-14.640793,-21.08525,2.822876
-14.061386,-20.869781,2.2458801
-13.350311,-20.474731,1.7814026
-12.641632,-20.038986,1.4150848
-11.932938,-19.509872,1.2834015
-11.205109,-18.923294,1.3001709
-10.508392,-18.31755,1.395935
-10.151657,-18.013489,1.4988861
-9.148483,-17.027084,1.826889
-8.604996,-16.31839,2.1237793
-8.169266,-15.607315,2.2315063
-7.7981567,-15.006378,2.202774
-7.3863525,-14.436554,2.0591278
-6.9482117,-13.883499,1.858017
-6.4095154,-13.306488,1.6018372
-5.7726593,-12.760605,1.3791809
-4.9897614,-12.265015,1.1325684
-4.008133,-11.7742,0.8596344
-3.5005646,-11.513229,0.74710083
-2.0089722,-10.70639,0.52923584
-1.0776367,-10.126984,0.46697998
-0.49583435,-9.686462,0.5124817
-0.19895935,-9.300995,0.54599
-0.08882141,-9.0903015,0.5268402
-0.11515808,-8.625824,0.4693756
-0.2157135,-8.398376,0.46697998
-0.16065979,-8.247543,0.5124817
-0.04093933,-8.27388,0.5124817
0.22241211,-8.498932,0.5076904
0.7347717,-8.731171,0.54359436
1.383606,-8.913132,0.7734375
2.0132751,-9.040024,1.1948242
2.470581,-9.193253,1.7215424
2.755478,-9.162125,2.3153076
2.6501465,-9.346481,2.870758
2.3891754,-9.526047,3.0646973
1.0172882,-10.352051,3.004837
-0.13432312,-11.051147,2.549942
-1.3098755,-11.886734,1.9513855
-2.186142,-12.509216,1.3911438
-2.5907745,-12.906662,1.000885
-2.7727203,-13.0550995,0.8117523
-3.4885864,-13.304092,0.94821167
-4.036865,-13.5099945,1.0607452
-5.432678,-14.055878,1.2786255
-6.15094,-14.309662,1.3672028
-7.2953796,-14.764557,1.4893036
-8.537964,-15.482819,1.4102936
-9.284958,-15.956879,1.1708832
-9.859558,-16.244171,1.0080719
-10.359955,-16.502747,0.94104004
-10.910614,-16.840332,1.000885
-11.353546,-17.094116,1.134964
-11.925766,-17.28566,1.1852417
-12.6129,-17.42691,1.0368042
-13.244965,-17.438889,0.86203
-13.728592,-17.242554,0.71598816
-14.243347,-16.701462,0.25868225
-14.525864,-16.502747,-0.19142151
-14.825134,-16.052643,-0.8234863
-14.66951,-15.875473,-0.6582947
-14.276871,-15.272125,-0.79714966
-13.991959,-14.920181,-1.2975464
-13.745361,-14.716675,-1.2065582
-13.448471,-14.343185,-0.8665924
-13.256943,-13.976868,-0.30873108
-13.1731415,-13.555481,0.19165039
-13.185104,-13.014404,0.38079834
-13.412567,-12.497253,0.3568573
-13.867462,-11.925034,0.2419281
-14.195465,-11.13974,0.1557312
-14.391785,-9.980942,0.02166748
-14.415726,-9.329727,-0.18183899
-14.358276,-8.999329,-0.29197693
-14.063782,-8.31218,-0.36380005
-13.668747,-7.6011047,-0.28479004
-13.254547,-7.0265045,-0.0262146
-12.63205,-6.123886,0.5819092
-12.421356,-5.82222,0.7878113
-12.112503,-5.2787323,1.0966644
-12.160385,-4.874115,1.3743896
-12.280106,-4.3713226,1.5324097
-12.351929,-3.9667053,1.5276184
-12.268127,-3.6195526,1.3097382
-12.071808,-3.45195,0.90512085
-12.016739,-3.3897095,0.57951355
-12.165176,-3.490265,0.411911
-12.210678,-3.5572968,0.40234375
-12.354324,-3.7536316,0.33529663
-12.6631775,-4.0816345,0.1844635
-12.962448,-4.428787,0.028839111
-13.086945,-4.6346893,-0.03819275
-13.632828,-5.582794,-0.07888794
-14.434891,-6.6386414,0.04560852
-15.280045,-7.811798,0.15812683
-15.866623,-8.800598,0.02645874
-16.177856,-9.605057,-0.339859
-16.302368,-10.174881,-0.8210907
-16.194626,-10.478943,-1.2352905
-16.050964,-10.70639,-1.276001
-15.998291,-11.21875,-0.8857422
-15.842682,-12.085449,-0.26324463
-15.548187,-13.208328,0.40473938
-15.1770935,-14.625702,1.0320129
-14.600082,-16.038269,1.6952057
-13.630432,-17.853073,2.8252716
-13.393402,-18.39656,3.1556702
-13.029495,-19.296783,3.5962067
-12.75415,-19.794785,3.759018
-12.574585,-19.919281,3.6680298
-12.385452,-19.785202,3.3663635
-12.160385,-19.521835,2.973709
-11.865906,-19.265656,2.5690918
-11.334396,-18.916107,2.2291107
-10.778946,-18.41333,2.1094055
-10.034348,-17.666336,2.0184326
-9.495651,-17.094116,2.047165
-9.25383,-16.785263,2.0830688
-8.772598,-16.021515,2.2506714
-8.561905,-15.72464,2.2961578
-8.408676,-15.56662,2.312912
-7.814911,-14.886658,2.4039001
-7.597046,-14.556259,2.336853
-6.933853,-13.639282,2.142929
-6.6824646,-13.330429,2.0782776
-5.830124,-12.528381,1.8652039
-5.0448303,-12.078262,1.6066284
-4.580353,-11.85321,1.4916992
-3.1127014,-11.225922,1.1325684
-2.2196655,-10.890747,0.87638855
-1.7815247,-10.723145,0.77104187
-1.1135406,-10.371201,0.6944275
-0.78793335,-10.103043,0.6561279
-0.73046875,-9.763077,0.6848602
-0.7735748,-9.229172,0.625
-0.7735748,-8.963409,0.7614746
-0.7568054,-8.831726,0.9506073
-0.7831421,-8.76709,1.3839569
-0.7041321,-8.972992,1.6784515
0.1386261,-9.396759,1.8699799
0.92871094,-9.846863,2.0136414
2.1401672,-10.184448,2.1141968
3.3660126,-10.387955,2.3224945
4.019623,-10.658508,2.5475464
3.67247,-11.197205,2.791748
2.3221283,-12.315292,2.7031708
0.8257599,-13.402252,2.367981
-0.24923706,-14.036728,1.9633636
-1.0656586,-14.465286,1.668869
-1.6282959,-14.704697,1.4557953
-2.2388153,-14.731033,1.5874634
-3.019333,-14.67598,2.0830688
-3.5029602,-14.697525,2.3105164
-5.1956635,-15.042282,2.58107
-6.265869,-15.38945,2.5212097
-7.3791656,-15.992783,2.1357422
-8.444595,-16.581757,1.5276184
-9.038361,-16.861877,0.9506073
-9.416641,-16.96962,0.5771179
-9.871536,-16.96962,0.38079834
-10.527542,-16.904984,0.33769226
-11.372696,-16.9337,0.23953247
-12.308838,-16.754135,0.13179016
-13.300034,-16.526688,-0.05734253
-14.116455,-16.270508,-0.28479004
-14.5522,-15.7868805,-0.49069214
-14.72937,-15.331985,-1.1083984
-14.561783,-15.01355,-1.2688141
-14.085327,-14.532318,-0.92404175
-13.649582,-14.130096,-1.0126343
-13.369461,-13.924194,-1.165863
-13.031876,-13.502808,-0.9360199
-12.758942,-13.064682,-0.63912964
-12.809219,-12.695969,-0.40211487
-12.854706,-12.1740265,-0.28718567
-12.93132,-11.546753,-0.17227173
-13.086945,-10.952988,-0.23930359
-13.240173,-10.40712,-0.4260559
-13.264114,-9.798981,-0.4954834
-13.261719,-9.207611,-0.5026703
-13.26651,-8.726379,-0.4547882
-13.192291,-8.221207,-0.24409485
-13.201874,-7.7423706,-0.03819275
-13.213837,-7.1964874,0.03363037
-13.142014,-6.4854126,-0.00466919
-13.029495,-5.8246155,-0.08607483
-12.86908,-5.1925354,-0.14833069
-12.780487,-4.8789062,-0.15550232
-12.45488,-4.1247253,0.05757141
-12.37587,-3.9212189,0.2131958
-12.160385,-3.4878693,0.7447052
-11.964066,-3.2628174,1.0607452
-11.837173,-3.1359253,1.292984
-11.822815,-3.1119843,1.3217163
-12.035889,-3.1335297,1.1660919
-12.134064,-3.1335297,1.0846863
-12.541077,-3.2556305,0.76864624
-12.864288,-3.459137,0.36642456
-13.182724,-3.7368622,-0.13635254
-13.525085,-4.1486664,-0.5744934
-13.845917,-4.7615814,-0.63912964
-14.219406,-5.6761627,-0.28001404
-14.930481,-6.981003,0.1796875
-15.672684,-8.31218,0.5244446
-16.127579,-9.310562,0.54359436
-16.386154,-10.007278,-0.02861023
-16.587265,-10.397537,-0.770813
-16.757263,-10.701599,-1.383728
-16.838669,-11.06073,-1.8170776
-16.891342,-11.776596,-1.8745422
-16.805145,-12.827652,-1.4986572
-16.513046,-14.16362,-0.9575653
-16.039001,-15.643234,-0.33267212
-15.430878,-16.983978,0.51486206
-14.817963,-18.15715,1.2307281
-14.564178,-18.734146,1.5946503
-14.238556,-20.206573,2.5834656
-14.470795,-20.946396,2.6624603
-14.403763,-21.145111,2.154892
-14.240952,-20.9823,2.0303955
-13.788452,-20.417267,1.9130859
-13.223419,-19.794785,2.00885
-12.493179,-19.136368,2.288971
-11.676758,-18.427689,2.5164185
-10.951324,-17.881805,2.7366943
-10.5993805,-17.62323,2.8587952
-9.567474,-16.928925,3.1844025
-9.227493,-16.734985,3.25383
-8.061523,-16.067001,3.3615723
-7.19722,-15.525909,3.3783264
-6.404724,-14.9944,3.2370758
-5.724777,-14.484436,2.8611908
-5.1405945,-13.928986,2.3248901
-4.810196,-13.624924,2.0687103
-3.656189,-12.6792145,1.3911438
-2.902008,-12.042358,0.9865265
-2.181366,-11.4461975,0.4981079
-1.5085907,-10.838074,0.03842163
-1.0656586,-10.220367,-0.29916382
-0.9291992,-9.619415,-0.49069214
-0.95791626,-9.332123,-0.5266113
-1.0608673,-8.633011,-0.5744934
-1.3888855,-8.441467,-0.5936432
-1.7958984,-8.316971,-0.691803
-2.0855865,-8.211624,-0.9934845
-1.695343,-8.003326,-1.6470947
-1.4104309,-8.020096,-1.8625793
-0.65625,-8.130234,-2.113968
0.30381775,-8.369644,-2.015808
1.2806549,-8.604279,-1.5321808
2.0539856,-8.901154,-0.84025574
2.6429596,-9.188461,0.05517578
3.0188446,-9.3081665,1.2115784
2.798584,-9.602661,2.384735
1.917511,-10.308945,3.138916
-0.02897644,-11.620972,3.3496094
-1.1015778,-12.34642,3.1413116
-1.5588684,-12.62175,2.9521637
-2.1717834,-13.043121,2.4805145
-2.550064,-13.261002,2.0782776
-2.8996277,-13.320862,1.8915405
-3.4718323,-13.337616,1.8723755
-4.4079742,-13.524368,1.8675995
-5.6146393,-13.917007,1.8532257
-6.909912,-14.446136,1.826889
-8.183624,-15.0638275,1.6138
-9.119751,-15.545074,1.3097382
-9.770981,-16.08377,1.0415955
-10.053497,-16.505142,0.93385315
-10.388687,-16.976807,0.921875
-10.57782,-17.18988,0.9673767
-11.343964,-17.692673,1.4150848
-11.734222,-17.795624,1.6042328
-12.756546,-17.948853,1.858017
-14.121246,-17.929688,1.7119751
-14.39418,-17.826736,1.5587463
-14.712616,-17.503525,1.1565094
-14.655151,-16.823578,0.6609192
-14.339111,-16.227417,0.4262848
-14.195465,-15.956879,0.3568573
-13.984772,-15.523514,0.34487915
-13.953644,-14.752594,0.6345825
-14.17392,-14.137283,0.7447052
-14.547409,-13.464508,0.7878113
-14.904144,-12.717514,0.5531769
-14.992737,-12.233887,0.36402893
-15.023865,-11.273819,-0.13874817
-14.918518,-9.937851,-0.81869507
-14.78923,-9.188461,-0.9096832
-14.604874,-8.532455,-0.67025757
-14.262497,-7.996155,-0.27522278
-13.817184,-7.4981537,0.14137268
-13.379044,-7.004944,0.54599
-13.060608,-6.499771,0.8668213
-12.902588,-5.9993896,1.1493378
-12.809219,-5.4774475,1.3695984
-12.648804,-4.938751,1.4079132
-12.440521,-4.4096375,1.3815765
-12.306442,-4.1462708,1.3336792
-12.107727,-3.6027832,0.9673767
-12.05983,-3.4136505,0.6465454
-11.959274,-3.2963257,0.3616333
-11.897034,-3.241272,0.19404602
-11.913788,-3.301117,0.1509552
-12.023926,-3.4615326,0.19165039
-12.13884,-3.6674347,0.20362854
-12.323196,-3.9260101,0.07434082
-12.617691,-4.2612,-0.15072632
-12.75415,-4.462311,-0.24169922
-13.1492,-5.1374664,-0.23451233
-13.831543,-6.277115,-0.019042969
-13.831543,-6.277115,-0.019042969
-15.16272,-8.089523,0.25868225
-15.847458,-9.193253,0.25868225
-16.381378,-10.122208,0.036026
-16.706985,-10.828491,-0.4332428
-16.869781,-11.254654,-1.0533295
-16.692612,-11.41507,-1.5632935
-16.450806,-11.702377,-1.6040039
-16.189835,-12.3871155,-1.3334503
-15.806763,-13.486053,-0.8689728
-15.351868,-14.814835,-0.0836792
-15.105255,-15.492401,0.37600708
-14.33194,-17.424515,1.7718201
-13.960831,-18.461212,2.664856
-13.697464,-19.177078,3.272995
-13.534668,-19.7014,3.4477692
-13.472412,-19.861816,3.399887
-13.34552,-19.967163,3.17482
-12.943298,-19.672668,2.4134674
-12.569794,-19.347061,1.9729309
-12.016739,-18.96878,1.8867493
-11.348755,-18.367828,1.9537811
-10.829224,-17.7621,2.00885
-10.44136,-17.15158,2.2410889
-10.036743,-16.533875,2.5283966
-9.646484,-15.976028,2.8492126
-9.2083435,-15.403809,3.091034
-8.76062,-14.905823,3.2059479
-8.437408,-14.51796,3.1293335
-8.145309,-14.132492,2.865982
-7.7622375,-13.706329,2.5906372
-7.4845123,-13.478867,2.478119
-6.483734,-12.9210205,2.1692657
-5.593094,-12.540344,1.996872
-4.5396423,-12.10939,1.7430878
-3.5197144,-11.5802765,1.482132
-2.636261,-10.993698,1.2905884
-2.2675476,-10.680054,1.2307281
-1.5349274,-9.882782,1.1445465
-1.3673248,-9.463791,1.09906
-1.2117004,-9.078323,1.055954
-1.0441132,-8.712021,1.0320129
-0.97229004,-8.537247,1.0080719
-0.60357666,-8.211624,0.9673767
-0.45274353,-8.168533,0.9793396
0.011734009,-8.130234,1.134964
0.6126709,-8.101501,1.2618561
1.3453064,-8.170929,1.5778961
1.510498,-8.192474,1.6904144
1.8552704,-8.146988,2.142929
1.9079437,-8.173325,2.3895264
1.8959656,-8.197266,2.585846
1.4386749,-8.599487,2.743866
0.6629486,-9.296204,2.719925
0.19607544,-9.748703,2.628952
-0.73046875,-10.730331,2.3512268
-1.4654999,-11.944183,1.8388672
-1.6330872,-12.413452,1.6018372
-1.7408295,-12.770187,1.3887482
-1.834198,-13.043121,1.2091827
-2.1885376,-13.239456,1.2666473
-3.1294708,-13.605759,1.3983307
-4.391205,-14.02475,1.4629669
-5.9905396,-14.489227,1.4557953
-7.5635223,-15.03511,1.4198761
-8.631332,-15.511551,1.2474976
-9.301712,-15.987991,0.9458313
-9.787735,-16.428528,0.80696106
-10.122925,-16.737381,0.76626587
-10.484451,-17.06778,0.8955536
-10.987228,-17.391006,1.1086273
-11.846756,-17.690277,1.2259521
-13.276093,-17.924911,1.1301727
-14.987946,-17.946457,0.8452606
-16.331085,-17.635208,0.55078125
-16.9057,-17.017502,0.11743164
-16.917679,-16.347122,-0.40211487
-16.604034,-15.746185,-0.65589905
-15.916901,-14.996796,-0.56251526
-15.299194,-14.441345,-0.87615967
-14.983154,-14.046295,-0.9216461
-14.813171,-13.565063,-0.6439209
-14.80838,-13.330429,-0.45239258
-14.8849945,-12.42543,0.18925476
-14.832321,-11.63533,0.36642456
-14.679092,-10.845245,0.17489624
-14.49234,-10.148544,-0.13395691
-14.142792,-9.423096,-0.4045105
-13.826752,-8.805389,-0.5050659
-13.335953,-8.032059,-0.3255005
-13.003159,-7.514923,-0.011856079
-12.802032,-7.2371826,0.14855957
-12.512344,-6.6937103,0.5076904
-12.318405,-6.174164,0.759079
-12.251373,-5.5133667,0.8213196
-12.205887,-5.080017,0.70401
-12.167572,-4.8693237,0.6154175
-11.985611,-4.4503326,0.45022583
-11.604935,-3.8015137,0.35923767
-11.516357,-3.617157,0.36402893
-11.501984,-3.344223,0.407135
-11.616913,-3.1287384,0.4837494
-11.865906,-2.9084778,0.5244446
-12.110107,-2.7624207,0.48135376
-12.256165,-2.7025757,0.43585205
-12.933716,-2.760025,0.22996521
-13.462845,-2.9467773,-0.06692505
-14.0781555,-3.3035126,-0.32070923
-14.439667,-3.6004028,-0.5720978
-14.71022,-4.048111,-0.6750488
-14.954422,-4.831009,-0.6822357
-15.1818695,-5.9562836,-0.5098572
-15.318344,-6.6482086,-0.36140442
-15.952805,-9.34169,0.031234741
-16.223358,-11.096649,0.32572937
-16.134766,-12.260223,0.68725586
-15.864227,-13.033554,1.0391998
-15.450027,-13.407043,1.2020111
-14.937668,-13.505203,1.2570648
-14.336716,-13.404648,1.3791809
-13.817184,-13.41423,1.6138
-13.632828,-13.517181,1.7263336
-13.462845,-14.046295,1.9442139
-13.953644,-15.590561,1.9274445
-14.130814,-16.167557,1.7957611
-14.066177,-17.582535,1.2810059
-13.874634,-17.941666,1.1493378
-13.139618,-18.624008,1.0894775
-12.655991,-18.84668,1.2642517
-12.414185,-18.858643,1.427063
-11.818024,-18.717392,2.2698212
-11.461288,-18.509094,2.8444214
-11.018356,-18.126022,3.3472137
-10.496429,-17.58493,3.703949
-10.268967,-17.34311,3.8523865
-9.670425,-16.409378,4.087021
-9.512405,-16.114883,4.127716
-9.222702,-15.422958,4.0032196
-9.007233,-14.992004,3.660843
-8.722321,-14.613724,3.2346802
-8.293762,-14.156433,2.9114685
-7.8173065,-13.715897,2.6481018
-7.257065,-13.205933,2.3943176
-6.7064056,-12.71991,2.1477203
-6.1413727,-12.28656,1.881958
-5.506912,-11.819687,1.589859
-4.8054047,-11.326492,1.2810059
-4.0584106,-10.787796,0.9889221
-3.3209991,-10.23233,0.7327423
-2.6434479,-9.698425,0.5076904
-2.0137634,-9.135788,0.3568573
-1.4990082,-8.618637,0.21798706
-1.1781921,-8.13501,0.23474121
-1.0776367,-7.9195404,0.25868225
-0.9674988,-7.546036,0.39515686
-0.8430023,-7.230011,0.50050354
-0.51260376,-6.9331207,0.3616333
-0.17741394,-6.7655334,0.18685913
0.0811615,-6.6721497,0.004898071
0.22241211,-6.7583466,-0.24409485
0.3229828,-6.945099,-0.42366028
0.44508362,-7.297043,-0.48112488
0.60787964,-7.7663116,-0.4452057
0.80181885,-8.142197,-0.07171631
0.94306946,-8.439072,0.4885254
1.0388489,-8.680893,1.000885
0.93110657,-8.934677,1.5348053
0.40197754,-9.444641,1.9944916
-0.39050293,-10.253876,2.197998
-1.3122711,-11.242691,2.1620789
-2.1765747,-12.2482605,1.8843536
-2.873291,-13.146072,1.4581909
-3.4933777,-13.893066,1.0128632
-4.0967255,-14.436554,0.5651398
-4.779068,-14.714279,0.3065796
-5.684082,-14.814835,0.28981018
-6.7016144,-14.953705,0.39515686
-7.788574,-15.164398,0.5771179
-8.858795,-15.640839,0.7231598
-9.816467,-16.311218,0.7614746
-10.448532,-16.85231,0.7327423
-10.819641,-17.144394,0.70880127
-11.233841,-17.355087,0.6106415
-11.829987,-17.52507,0.5196533
-12.622467,-17.56099,0.42388916
-13.728592,-17.635208,0.33291626
-14.274475,-17.582535,0.24671936
-15.280045,-17.32875,0.007293701
-16.417282,-16.754135,-0.67025757
-16.604034,-16.301636,-1.0245972
-16.268845,-15.64563,-1.1634674
-15.631989,-14.944122,-1.1251526
-14.992737,-14.34079,-0.7301178
-13.941681,-13.45253,-0.10282898
-13.637619,-13.110168,0.14376831
-13.395798,-12.813278,0.407135
-13.029495,-12.032776,0.96258545
-13.012726,-11.412674,1.2235565
-13.10611,-10.751877,1.3001709
-13.230606,-10.01207,1.1565094
-13.0271,-8.90834,0.71598816
-12.84993,-8.563583,0.5531769
-12.509949,-7.996155,0.36402893
-12.1532135,-7.4670258,0.3688202
-11.794083,-6.954666,0.5268402
-11.533112,-6.499771,0.7255554
-11.360733,-6.0472717,0.9865265
-11.355942,-5.5397034,1.1756744
-11.363129,-5.0536804,1.1684875
-11.401428,-4.6035614,0.96258545
-11.4852295,-4.249222,0.7016144
-11.446915,-3.937973,0.4190979
-11.252991,-3.6817932,0.12939453
-11.003998,-3.507019,-0.03340149
-10.819641,-3.4184418,-0.019042969
-10.7957,-3.4064636,0.05996704
-10.790909,-3.3322449,0.35446167
-10.824432,-3.3106995,0.55078125
-10.944138,-3.3322449,0.73513794
-11.128494,-3.423233,0.8332977
-11.317627,-3.5764618,0.72076416
-11.523529,-3.7368622,0.3975525
-11.966461,-4.10318,0.05278015
-12.241791,-4.4575195,-0.19621277
-12.253769,-4.7136993,-0.18902588
-12.196304,-5.209305,-0.13156128
-12.21785,-5.9874115,-0.0549469
-12.234619,-6.8325653,0.007293701
-12.351929,-8.0464325,-0.06692505
-13.053436,-9.8971405,-0.15072632
-13.879425,-11.975311,-0.35662842
-14.099701,-13.498032,-0.70617676
-13.91774,-14.527527,-0.99108887
-13.795639,-15.071014,-1.4914703
-13.944077,-15.178757,-2.5233765
-14.097305,-15.15242,-2.8920746
-14.205048,-15.126083,-3.2200928
-14.15477,-15.07341,-3.5863953
-14.042236,-15.183548,-3.011795
-14.348694,-15.719849,-2.0134125
-14.980759,-16.567398,-1.1275482
-15.445236,-17.338333,-0.57928467
-15.888168,-18.14038,-0.21057129
-16.060547,-18.920898,-0.14353943
-15.421295,-19.485931,-0.3183136
-14.98555,-19.555359,-0.32070923
-13.757324,-19.540985,-0.25367737
-13.350311,-19.37819,-0.22015381
-12.69191,-19.021454,0.02645874
-11.753372,-18.039825,0.6393738
-11.420578,-17.568176,0.8213196
-10.805267,-16.639221,1.2091827
-10.259399,-15.815613,1.6377563
-9.754227,-15.099747,1.9633636
-9.100601,-14.137283,2.3296661
-8.956955,-13.857162,2.3105164
-8.710342,-13.33522,1.9777222
-8.516418,-12.652878,1.1972198
-8.171646,-12.013626,0.42149353
-7.9274445,-11.628159,-0.06452942
-7.2953796,-10.4095,-1.4340057
-6.9434204,-9.55957,-2.1283264
-6.665695,-8.453445,-2.1762085
-6.7782288,-7.486191,-2.216919
-6.823715,-6.4973755,-1.8769379
-7.9202576,-6.55484,-1.5106201
-8.099823,-5.8413696,-1.6040039
-8.114197,-5.060852,-1.0653076
-7.8532257,-4.2396545,-0.11720276
-7.565918,-3.617157,0.8739929
-7.388748,-3.3585815,1.8364716
-7.0104675,-3.1239471,2.628952
-6.2514954,-2.7049713,3.3184814
-5.487747,-2.1614838,4.0415344
-4.913147,-1.8550262,4.4653015
-4.4319153,-1.6658783,4.7621765
-4.305023,-1.5749054,5.5570526
-4.1996765,-1.3426666,6.4692535
-3.893219,-0.89733887,7.2641296
-3.498169,-0.48075867,7.5011444
-3.1988983,-0.16711426,7.6160736
-2.8828583,0.14413452,7.6472015
-2.4207764,0.48171997,7.4891815
-2.0544739,0.88394165,7.194687
-1.9443359,1.3053284,6.890625
-2.0185547,1.5974121,6.6152954
-2.2196655,1.8488007,6.531494
-2.387268,2.0786438,6.629654
-2.5668335,2.1528778,6.9648438
-2.6817474,2.284546,7.517914
-2.6769562,2.4258118,7.9871674
-2.3178253,2.6867828,8.142792
-2.023346,2.9357758,7.9680176
-1.9036255,2.988449,7.7501526
-1.6666107,2.6460724,7.6591644
-1.2476196,2.8112793,7.2904663
-1.0105896,3.055481,6.5530396
-0.78074646,3.000412,6.5195312
-0.89328,2.8759155,6.8571014
-1.1159363,2.703537,7.084564
-1.3529663,2.5000305,7.2904663
-1.3529663,2.5000305,7.2904663
-1.1231232,2.2749786,7.8770447
-0.73765564,2.3803253,8.149979
-0.30430603,2.5239716,8.377426
-0.0337677,2.5790405,8.585724
0.08834839,2.4521484,8.774872
0.16017151,2.2438507,8.882599
0.3157959,2.138504,8.999924
0.57437134,2.2127228,9.16272
0.739563,2.2462463,9.136383
0.63661194,2.2462463,9.227371
0.19369507,2.138504,9.385391
-0.34739685,2.0547028,9.335114
-0.6227417,2.1169586,9.251312
-0.62034607,2.1839905,9.035828
-1.0489044,2.3013153,9.088501
-0.48866272,2.3707428,9.318344
-0.04812622,2.406662,8.413345
-0.22290039,2.3420105,8.513901
-0.15826416,2.3611603,8.65036
-0.06488037,2.4282074,8.72937
-0.31866455,2.3851013,9.093292
-0.57006836,2.4521484,9.390167
-0.23965454,2.5072174,9.581711
-0.31388855,2.3659515,9.756485
-0.41921997,2.387497,9.65593
-0.56048584,2.4832764,9.354263
-0.5580902,2.53833,8.959213
-0.28755188,2.5790405,8.624023
0.10270691,2.569458,8.540237
0.3732605,2.5431213,8.645584
0.46183777,2.5886078,8.846695
0.34213257,2.6317139,9.169907
0.07637024,2.593399,9.371017
-0.280365,2.5407257,9.351868
-0.4096527,2.4808807,9.212997
-0.39527893,2.411438,9.129211
-0.2899475,2.4258118,9.217789
-0.24923706,2.454544,9.337509
-0.11515808,2.5981903,9.787613
0.08834839,2.703537,10.000702
0.31100464,2.8016968,10.11322
0.49775696,2.9309845,9.964783
0.53845215,2.976471,9.780426
0.5647888,3.11055,9.114838
0.5408478,3.146469,8.920914
0.43310547,3.134491,8.712616
0.43310547,3.0722504,8.894577
0.5623932,3.000412,9.289612
0.67492676,2.8759155,9.665512
0.73239136,2.868744,9.957596
0.7922363,2.6843872,10.120407
0.7563324,2.6365051,9.464401
0.49775696,2.7322693,8.616852
0.22720337,2.868744,8.149979
-0.11755371,2.8902893,8.207443
-0.23965454,2.9070435,8.674301
-0.11755371,2.921402,9.371017
-0.01939392,2.9142303,9.718185
-0.01939392,2.9142303,9.718185
